TotalArea_m2,Floors,ConstructionYear,HeatingType,Insulation,RenewableEnergySystem,EnergyConsumption_kWh,WindowType,BuildingType,EnergyEfficiencyRating
685,2,2015,3,1,1,89939.72316285527,1,2,2
450,3,1996,2,1,0,85212.60679873975,2,1,2
171,1,1984,3,0,1,55564.16607778386,2,3,5
816,3,1986,1,1,1,95171.23571288705,1,2,2
448,4,2002,3,1,1,53687.794433090785,3,2,5
897,4,1922,1,1,1,83578.2793198696,2,1,1
508,1,1976,3,1,0,103002.756073348,2,3,2
572,2,1972,2,1,0,93275.80368319074,2,3,4
455,2,1933,3,0,0,99508.44303063155,1,3,3
257,2,1933,2,1,0,64807.71428845913,3,1,5
514,4,1930,1,0,1,65938.74225306328,1,2,2
448,2,1943,2,0,1,72439.23103825533,2,2,1
438,1,2011,2,1,0,84322.19073498977,3,3,4
373,3,2008,2,1,0,71728.55138884445,3,1,4
665,1,1963,3,0,1,100167.07288711645,2,3,2
736,4,1963,3,1,1,74911.56800223386,2,3,5
475,4,1987,3,0,0,94215.77251293138,2,1,3
412,4,1925,1,1,0,67234.42202817017,1,1,2
561,4,1949,2,0,0,105647.26357810176,1,3,2
593,3,2018,1,0,1,78268.81834692674,2,3,2
371,1,1919,2,1,0,81187.97866542527,1,2,4
606,3,1929,2,0,0,101281.85649354338,3,3,3
193,4,1904,2,0,1,38772.20934478098,2,1,2
681,4,1988,3,1,1,69582.60743247476,2,3,3
454,4,2017,2,1,0,69574.28943660464,1,1,2
410,2,2002,2,1,1,48488.92575698393,3,2,5
527,3,1921,3,0,0,91493.39785120483,3,3,4
645,2,1963,1,1,0,93689.51869805236,2,2,1
559,3,2009,1,0,0,98438.79584510459,2,3,3
419,1,1918,1,1,0,77943.23702301475,3,2,3
478,2,2002,2,1,1,67320.01211389486,3,2,2
412,2,1900,2,1,0,80639.7122144314,2,1,5
445,4,1972,3,1,1,62222.358898266466,1,1,5
430,2,1964,3,1,1,56534.95551696173,1,3,2
605,3,1989,2,0,1,79390.06379012285,2,3,5
446,1,1943,1,0,1,68283.85022120402,1,2,1
549,3,1915,3,1,1,72937.64237194422,1,1,5
868,1,1994,1,1,0,113585.46882856752,2,3,3
336,4,1998,3,1,1,46102.232027853395,3,3,2
444,2,2012,1,0,0,93673.04115455343,1,3,5
809,3,1994,1,1,1,87170.89849911914,2,3,1
511,2,1908,3,1,0,84777.48918661883,3,1,2
478,1,1916,1,0,0,97519.29523002463,3,1,3
215,3,1914,3,1,1,35900.5833793521,3,1,1
889,3,1928,1,1,1,93860.09101170365,2,3,4
479,2,1952,1,0,0,96630.7212113234,3,2,3
402,1,1956,2,1,0,86235.32523736049,1,2,3
508,3,1972,2,1,1,62666.34062355851,2,3,1
601,4,1934,1,1,0,80727.5000555911,1,1,5
538,1,1934,1,0,1,93900.65718937053,2,1,4
114,3,1908,3,0,1,35888.41087652404,1,1,1
404,2,1919,1,0,0,86409.30636236939,1,1,4
797,3,2005,3,1,1,97959.49292821343,1,2,1
551,3,1964,1,1,1,58942.94268319836,2,3,2
515,4,1936,3,0,1,81540.50667288118,1,3,2
598,1,1945,1,1,1,65854.06346753026,2,1,4
385,2,1931,3,0,1,82581.18652522154,2,3,3
675,2,1960,2,0,0,111452.9145568825,2,1,3
563,4,2014,2,1,0,86302.55804059345,2,1,1
725,3,1908,2,1,0,99658.18791907975,1,1,4
554,2,2011,2,0,1,81946.13750632714,3,2,2
281,3,1983,2,0,0,76800.83727505851,3,1,3
368,4,1901,2,1,0,59859.33857382148,3,2,4
621,2,1963,3,1,0,115586.9809238994,3,3,4
765,1,2006,3,0,0,138220.42245147118,1,2,3
456,2,2017,2,1,0,81160.330546284,3,2,1
452,4,2018,2,1,1,50150.44699052144,3,3,3
683,1,2001,3,0,0,127253.88517256081,1,1,3
547,3,1980,2,1,0,90724.48406781345,3,1,3
474,2,1966,1,0,0,88159.32846303082,1,2,5
449,4,2005,2,1,0,70934.00289922523,3,2,4
353,4,2012,2,1,1,48761.64868483531,2,2,2
364,4,1930,2,0,0,66718.5344249897,3,2,1
137,3,1951,1,1,1,17101.194803063645,3,3,2
518,1,1914,2,0,0,109076.5833055854,3,3,5
340,3,2008,3,1,1,50277.45380014335,1,3,5
567,3,1918,1,0,0,100074.00068516505,1,3,4
646,2,1903,3,0,0,114544.57397990745,1,2,1
476,3,1963,1,0,0,84769.09422950703,3,2,4
592,2,1923,3,0,0,115271.60570909013,2,1,3
534,1,2020,1,1,1,60917.06226084923,1,1,3
266,2,1955,2,0,0,79414.4887159787,2,1,4
590,2,1911,3,1,0,90654.46328447868,3,3,4
322,2,1964,3,0,0,91722.02736047977,3,2,4
228,3,1961,1,1,1,21806.291931338994,1,1,2
335,2,2013,2,0,1,56300.65156470033,2,1,3
411,2,2017,2,0,0,102484.01636767903,1,2,4
714,3,1947,3,1,1,88271.11527313897,3,2,4
939,4,1927,2,1,0,124316.43924578701,2,3,2
569,1,1971,2,1,1,77526.42667250463,3,1,1
525,4,1914,1,0,1,61730.771037665836,2,1,4
522,3,1967,3,1,1,63863.49015555515,1,1,4
656,1,1982,3,1,0,106297.15959074965,2,1,3
469,3,1987,3,0,1,78838.45647864837,3,2,1
372,4,2013,1,0,1,61264.947299972526,2,3,4
772,3,2017,3,0,0,123826.04985426528,2,2,2
581,3,2012,2,1,1,68017.23249267203,2,1,5
502,1,1944,2,0,0,99800.74163028049,1,1,5
512,1,2009,1,0,1,80892.50456914186,3,2,4
617,3,1985,3,1,0,97007.49196569114,3,2,4
566,4,1927,1,0,1,77464.97421660453,2,1,2
771,1,1987,1,0,0,133670.05405631557,3,2,3
484,3,1984,2,0,1,71803.214742311,2,1,1
613,4,2001,2,0,1,81491.23917963896,1,2,2
638,1,1977,2,1,1,81699.13147161502,2,1,4
765,3,1987,1,1,0,100165.47826952997,2,2,4
383,2,2019,2,1,1,49213.1298198139,1,2,5
298,3,1912,1,1,1,37531.394896528705,1,3,2
377,2,1975,2,1,0,74051.34111870674,1,2,3
500,4,1987,2,0,1,72239.7834322166,1,2,2
524,3,1970,2,1,1,56443.95049527809,1,3,2
578,3,1967,3,0,1,88691.07451021433,1,1,5
611,4,2001,1,0,0,99817.90925722054,1,2,4
409,3,1978,3,1,0,70050.51604924508,3,3,2
494,3,1956,2,0,1,70848.57127931295,2,3,2
668,2,1963,3,0,0,121381.05714018337,3,1,2
602,4,1970,2,1,0,87410.12334736073,1,1,5
646,1,1917,2,0,0,117122.72480581433,2,1,4
312,1,2008,3,0,1,73918.07858702245,1,2,4
449,3,1988,2,1,0,81184.39534023056,1,2,3
640,3,1980,3,0,1,93158.42353047922,2,1,1
336,4,2008,2,1,0,67670.25191364074,3,2,2
514,4,1927,2,0,0,91692.55601259804,2,2,4
692,4,1998,1,0,0,99203.68785800095,1,2,2
627,1,1918,3,0,1,105778.78719848869,2,3,5
512,1,1908,1,0,0,111616.7672292747,1,3,2
566,3,1927,2,1,1,62589.52271113077,3,1,3
493,4,1923,3,0,1,74131.47814450445,3,3,2
469,4,2008,3,1,0,78630.08669886948,3,1,2
464,1,1919,2,1,1,66125.71771440779,1,1,4
719,4,1913,1,0,1,87570.0955245781,1,3,1
635,2,1979,3,1,1,82779.33341023081,3,3,3
676,1,1912,2,1,1,81079.31359707125,2,1,4
481,2,1937,2,0,1,80162.4461559608,1,2,2
426,2,1943,2,0,0,85648.14201294667,1,3,1
276,1,1912,2,1,0,70097.67648912691,3,3,3
337,3,1944,3,0,1,61565.01927318052,3,1,1
532,2,1925,3,1,1,62294.74924272877,2,2,1
489,1,1937,2,1,0,86309.31677453975,3,1,1
523,1,1995,1,0,1,73112.56976895203,1,1,5
555,2,1923,2,1,1,68498.03713137515,3,2,5
424,3,1911,1,1,0,62706.619157460605,1,3,1
504,4,1975,2,1,1,47425.48632233106,1,2,2
959,3,1979,2,0,1,127650.23256530173,2,2,4
476,4,2015,3,1,1,56244.72128970935,1,3,2
290,2,1959,3,1,1,50610.60183271662,3,1,5
712,3,1988,3,1,1,90210.29510355598,3,1,5
334,2,1968,3,0,0,80767.98299593432,3,2,4
311,3,1981,1,0,0,77387.44619788612,2,3,2
512,1,2003,3,1,0,99693.50957956763,3,1,5
759,2,2006,1,1,0,97165.79755419926,2,1,2
519,2,1907,2,0,0,104166.21439287622,3,1,2
386,3,2014,3,1,1,58755.05842303127,3,3,3
559,1,1976,2,0,1,95260.45347748057,2,1,1
596,1,1983,1,0,1,80159.8383701334,3,1,2
501,2,1925,2,1,0,77610.37245953947,3,1,5
504,3,1971,2,0,1,70727.26049346138,2,3,2
345,2,1965,2,1,1,52529.53572104415,3,3,2
589,1,1975,3,1,0,100194.30466698807,1,1,4
610,3,2007,3,1,0,98621.3110436412,1,1,5
538,4,1980,2,1,0,72959.22705231294,1,3,1
590,1,1975,3,1,1,81335.63428575176,1,3,4
634,1,2018,3,0,0,123980.32979118753,3,1,2
697,3,1976,1,1,1,77133.25723947061,1,2,3
446,2,1977,1,0,0,88159.56130575089,1,2,1
236,2,1928,1,0,0,74003.09732685935,1,1,2
484,1,1944,3,0,0,113346.14728594715,3,3,5
576,3,1976,3,0,1,83470.07321914333,2,1,5
410,2,1972,3,0,0,95247.21300196908,1,1,3
262,4,1996,2,1,1,30957.081078137337,1,1,1
394,3,1958,2,0,0,87146.61514473318,1,1,2
801,4,1973,2,1,0,104959.70217526182,1,3,3
427,4,2007,1,1,0,67752.94260697016,1,1,5
561,2,1956,2,0,1,83618.01710895679,1,3,3
617,4,1904,2,1,1,68570.75300653106,2,3,2
360,4,1965,1,1,1,48010.18361448677,1,2,5
260,1,1982,1,1,0,67501.2298717653,1,3,5
412,2,1987,3,1,0,87474.80699057953,1,1,5
424,1,1930,2,0,1,83008.20354745978,2,1,3
556,2,1972,2,0,1,82289.90747749986,3,2,1
347,4,2020,3,0,0,86904.95890888042,2,2,4
396,3,1965,2,0,0,83843.4017105782,1,2,1
557,1,1993,3,1,0,100069.09622177022,1,3,5
629,2,1962,2,0,0,115873.20907849692,2,2,2
547,2,1971,3,1,0,87251.73492275419,3,1,5
564,2,1974,3,1,0,93459.512792119,3,3,3
487,2,1952,3,1,1,64963.734871295965,3,2,1
570,3,1909,2,0,1,84526.59753186554,3,2,5
688,2,1998,1,0,1,98690.29988125095,2,1,5
545,1,1971,2,0,0,109004.13923547723,2,3,1
471,3,1989,2,0,0,89192.01185736086,2,1,5
725,1,1995,2,1,1,88428.396660167,1,2,1
556,3,1992,1,0,0,92374.6990844718,1,2,1
535,2,1984,1,1,1,64185.95371133738,2,1,2
304,2,1925,2,0,1,60122.68029279398,1,2,3
491,4,1909,1,0,1,65370.21488502107,2,1,1
274,2,2016,3,0,1,57550.96969805655,1,2,4
598,2,2002,2,1,1,74122.33696362285,1,3,4
625,2,1957,2,0,1,83681.33270547856,3,2,1
744,3,1910,2,1,0,101064.7653426862,2,1,3
534,2,1969,3,1,0,87117.92444604498,3,1,1
568,4,1946,1,1,1,55117.45016492112,1,1,1
298,4,1913,3,0,0,65559.7676856443,1,2,5
371,3,1970,3,0,1,73418.33942588138,1,3,2
447,4,1927,3,0,0,86552.45571511603,2,3,3
747,2,1939,3,1,1,88909.113500049,1,3,4
551,2,2007,2,1,1,63001.78244457967,3,2,1
225,1,1970,2,1,0,65093.41952328618,2,1,4
474,2,1948,2,1,1,58076.17056221889,3,3,4
432,3,1934,1,1,0,71944.5255855828,2,1,5
501,2,1968,2,1,0,88899.67241758612,1,3,2
484,2,1988,1,1,1,60098.48718521363,2,3,1
745,3,1910,1,1,1,73157.26412091759,2,3,3
151,2,1932,3,0,0,68906.39555068339,2,1,4
540,1,1995,1,0,1,84617.19920340055,1,2,1
481,1,2019,1,0,1,78343.24844558748,1,1,5
433,2,1964,1,0,1,63032.038089763606,1,3,1
451,3,1911,1,1,0,68862.54441432374,3,1,4
372,2,2018,2,1,1,55587.19230718304,1,2,1
469,2,1903,1,0,1,72301.44399171635,1,2,3
409,4,1914,1,1,0,66723.98065422958,1,3,4
208,3,2014,2,0,1,41971.97335337719,1,3,2
456,4,1999,2,0,0,79615.05795058305,2,3,2
463,2,1916,1,0,1,67426.3984990041,2,2,3
668,4,1990,3,1,0,94623.99005557326,1,3,4
587,2,2000,1,0,0,104150.8520053401,2,1,4
507,2,1901,3,0,0,114566.09136205903,1,1,2
220,2,1909,2,0,1,53596.56459914691,3,1,3
230,4,1968,2,1,0,45965.532974082365,2,3,3
55,1,1916,2,0,1,38037.47456115493,3,2,3
491,2,2020,1,0,1,74316.77104282785,2,2,3
425,4,1911,1,1,1,43975.661615386714,1,3,2
344,2,1999,1,1,1,46224.12990111745,3,2,3
578,2,2000,2,1,0,100494.5138578081,1,3,3
354,2,1951,1,1,1,40515.853013931584,3,3,3
802,4,1929,3,1,0,110079.14435152867,2,3,2
474,3,1917,3,1,1,64099.46123206494,1,2,5
611,4,1968,2,0,1,88907.6637449231,3,2,1
542,1,1969,1,0,0,104004.00191490373,1,1,2
446,1,1907,2,1,0,87249.41719930207,2,3,5
346,3,1962,1,0,0,77689.09492705298,3,3,2
521,2,1930,1,0,1,82660.65517646873,3,2,2
711,1,2010,3,0,0,126926.89919539813,2,2,2
520,4,1954,3,1,0,88165.36108100052,1,1,3
466,4,2008,2,1,0,77125.70693652681,3,1,3
629,1,2004,3,0,1,100413.09494930654,3,2,4
512,1,2010,2,1,1,64461.70306969118,3,2,4
574,3,1912,1,0,0,98507.68985680243,3,2,5
407,4,1931,2,0,1,66156.95346300713,2,3,4
766,2,2011,1,0,1,106753.14807330558,1,1,5
607,3,1942,1,1,0,86985.49722958985,2,2,1
557,3,1903,1,1,0,80724.37588400264,2,3,5
242,2,1960,1,0,1,53165.48806095182,2,1,3
617,3,2011,2,1,0,97563.78096209491,1,1,5
495,2,1905,2,1,0,75460.11192782111,3,2,3
230,1,1961,3,1,1,43199.33346277368,2,3,5
399,3,1915,1,0,0,80857.35823629753,1,3,4
555,2,1911,3,1,1,86144.07253376288,3,3,5
709,1,1976,3,1,0,109578.04136371102,1,3,3
294,2,1994,3,0,0,73560.45170746645,1,1,1
583,1,1991,1,1,1,66524.19805742367,2,3,2
720,2,2007,2,1,1,85085.70135505039,3,2,1
440,3,1939,3,1,1,60826.670681004565,2,3,3
565,3,1910,3,1,0,91848.90707012208,1,2,4
666,4,2000,3,0,0,109499.86837759748,3,3,5
510,3,1908,2,0,0,93574.43302907128,1,2,3
330,1,1978,1,0,1,62548.70776360913,2,3,1
580,2,1904,1,1,0,95054.05002718043,3,2,4
507,2,1941,2,1,1,69035.19904597232,1,1,2
457,4,1941,3,0,0,90187.29680534016,3,1,2
545,3,1927,1,1,1,59258.22619288123,3,2,2
306,1,1978,1,1,0,62210.92939745071,2,3,4
387,4,1934,1,0,0,65804.65098701288,2,1,5
497,2,1909,2,1,1,69835.3450847334,3,3,2
659,3,1994,1,0,0,110365.3043699212,3,3,2
315,4,1928,1,1,1,32138.89943434324,3,3,5
606,2,1908,2,0,1,88516.73643640302,1,3,1
413,1,1927,2,0,0,95299.54092723381,2,3,4
370,1,1934,1,0,0,91330.47031614276,2,3,4
470,2,1986,2,1,1,67998.66412606041,3,1,1
774,4,1969,3,1,0,105066.39595528683,2,2,5
635,1,1904,2,0,0,126004.56633988477,2,2,2
746,2,1921,2,1,1,94369.47913498733,1,3,2
557,2,1925,2,0,0,101924.98325397402,3,3,1
533,3,2012,3,1,0,95318.48157247694,2,2,1
519,2,1922,1,0,0,101531.25131543587,3,3,2
467,2,1943,3,1,1,65287.81199387917,2,1,5
349,4,2011,2,1,0,67356.46030474223,3,2,3
612,3,1946,3,0,0,108050.72163180135,3,2,5
451,3,2004,1,0,0,83954.72495411738,2,3,4
522,2,1946,3,0,0,99622.42917368653,1,3,3
610,3,1938,3,0,1,86878.707080862,2,2,1
392,3,1983,3,1,1,56319.43355408137,2,1,4
317,4,1937,1,0,1,51949.978558437746,1,2,2
509,2,1929,3,0,1,84833.72294040096,1,3,4
498,2,1925,1,0,1,73330.46940951432,1,3,1
407,4,1936,1,0,0,76216.80745535137,3,1,4
526,1,1970,2,1,1,74072.03738504117,1,2,5
766,3,1911,1,1,0,105887.64850025505,2,2,1
567,3,1931,3,0,1,80730.64724158878,2,3,4
310,3,1917,1,0,1,60399.19355782005,3,1,3
538,3,1991,3,1,0,96316.23767207848,2,3,5
553,3,1987,2,1,1,65694.27309199191,2,1,2
695,1,1983,1,1,0,98329.832573334,1,2,3
568,1,1962,3,1,0,102432.48454592713,3,1,5
254,1,1908,3,1,0,69092.28953556833,1,3,1
659,4,1944,1,1,0,86633.38467106574,3,1,4
481,1,1913,3,1,0,99359.14103377309,1,3,3
555,1,1931,3,1,0,101099.9570116366,1,2,5
587,3,1974,1,0,1,77591.6695147822,3,2,1
460,2,1900,3,1,0,87291.67919823421,2,2,4
973,2,1900,1,0,1,122267.424374801,2,2,2
549,2,1930,3,0,0,112449.73207743846,1,3,5
328,2,1942,3,1,0,67632.98498909704,2,3,2
338,1,1958,3,0,0,100297.03756156171,1,2,3
669,4,1906,3,0,1,84988.57122161619,3,2,2
455,2,1953,2,0,1,80367.85851608052,3,2,5
432,4,1999,3,1,0,60451.042107007735,2,2,5
478,4,1977,1,1,1,55740.266154776495,1,2,3
418,1,1932,1,0,1,64588.69836876055,3,3,2
507,1,1926,2,0,0,108092.56358819125,3,2,1
548,1,1940,3,1,1,84724.87031413503,1,2,3
370,1,1972,3,1,1,58697.463341130584,1,3,2
557,4,2008,3,1,1,66521.53220819902,2,1,1
681,3,1955,1,1,1,77638.74021967541,3,1,4
335,4,1913,2,1,1,39514.12316078294,1,1,3
428,3,1993,3,0,1,66467.87409346669,2,3,1
545,3,1992,1,0,1,74765.42239725789,1,2,3
717,1,1964,3,1,0,118131.38487696715,2,2,4
343,3,1966,2,0,1,64842.005384845404,3,1,5
188,4,1978,3,1,0,49301.55189828583,3,1,2
426,1,1944,1,1,1,60437.66452384438,3,1,1
426,4,1937,3,1,1,57923.47315819378,3,3,5
468,1,2019,3,0,0,111388.23756286429,2,2,4
591,1,1994,3,1,0,95406.2120999342,1,3,4
537,4,2006,2,1,1,64237.68420002032,1,3,3
295,4,2009,2,0,0,66408.65879549771,1,1,1
275,4,1964,2,1,1,26186.71524567738,1,1,2
454,3,1992,3,0,0,95481.54713393314,3,1,2
665,3,1945,1,0,1,82989.67004123362,3,3,5
409,4,2017,3,1,0,73986.22083863254,1,2,5
323,4,1981,1,1,0,59011.10441815124,3,3,5
491,3,2016,3,0,0,98186.92049626495,2,2,4
525,2,1917,1,1,0,87797.25997212906,3,2,1
451,3,1964,2,1,1,57456.494987933125,2,3,2
433,2,1952,1,1,0,71882.8285958133,2,1,4
616,4,1918,2,0,0,101395.21885537074,3,3,3
805,1,1912,3,0,0,145803.3464460189,3,2,1
633,4,1963,1,1,0,87213.17272768429,3,2,4
765,1,1993,2,1,1,102574.58847410396,3,1,3
646,3,1992,1,1,1,66989.20254486144,3,3,5
708,3,1956,3,0,0,120784.24061147199,3,1,3
349,4,1935,1,1,0,59288.77787610303,1,3,5
470,1,1974,1,0,0,94914.37522510994,2,3,5
571,4,1953,1,0,0,91226.40994536628,3,3,2
622,4,1981,1,0,0,101923.33232763571,2,1,3
582,1,1928,2,1,1,71746.55938189637,2,3,3
489,4,1922,3,1,1,57029.663637081394,1,2,3
737,2,1952,2,1,1,84258.98822301097,1,2,4
501,4,1914,2,1,1,54209.75560409526,1,3,1
443,1,1964,1,1,0,82496.5459290678,1,1,2
325,3,2006,2,0,1,64327.611597836985,2,2,1
521,1,1915,3,1,0,104266.59597898842,3,2,4
567,2,1902,3,0,0,114292.86971291789,3,1,4
382,4,1969,2,0,0,80349.55270851041,2,2,3
792,2,1998,3,1,1,101984.48680746845,2,3,2
412,1,1946,3,0,0,98833.73839345181,3,3,3
627,4,1991,1,1,0,84823.06966828858,1,2,5
567,4,1985,3,1,1,71432.27481611876,3,3,5
568,2,1942,1,0,1,82715.97922756783,3,3,2
440,2,1944,3,0,1,83745.80760780812,3,1,4
656,1,1901,1,0,0,119868.92992130616,3,2,3
271,2,1966,3,0,1,64667.271753358335,1,1,1
561,2,1957,3,1,1,78195.32351659087,2,2,2
886,1,1969,1,1,0,118685.99591214755,1,2,2
354,4,1907,3,1,1,42579.96073839096,2,3,4
599,4,2017,1,1,0,82606.95315247777,3,3,3
621,2,1999,2,0,0,105710.61673354337,2,1,2
547,3,1977,1,0,1,76195.42716750613,3,1,1
794,2,2007,1,0,0,132489.1929090839,3,2,2
609,2,1977,1,0,0,109772.84990179254,2,2,2
516,1,1940,3,1,0,103475.0416400804,3,2,2
513,4,1974,3,0,1,78858.03722052,3,3,3
372,1,1968,2,0,1,74633.01323473775,2,1,5
319,1,1950,3,1,0,80950.60377209244,3,3,4
630,3,2001,3,1,1,78028.57517462967,1,3,1
581,3,1998,3,1,1,68764.7142616951,3,1,4
621,3,1970,3,1,1,84739.16331080285,1,3,4
604,4,2020,1,0,1,78795.82000169305,2,1,3
419,2,1941,3,0,0,103720.10639468578,1,2,1
789,4,1905,2,1,0,94694.28674576452,3,1,4
528,2,1954,3,0,0,113130.44132515205,2,1,4
512,4,1975,1,0,0,83272.36058927029,3,3,1
540,1,1996,2,0,1,91379.19331271999,3,3,2
592,3,1962,2,0,0,101252.72914888553,2,2,2
430,4,1918,2,1,0,62148.818953593836,1,1,4
457,2,1970,3,1,1,75868.54954845727,1,1,2
570,1,1919,2,1,1,79417.0389800792,2,2,2
661,3,1906,2,1,1,84509.52354107803,3,1,5
538,1,1955,2,1,1,78603.69676650222,1,3,4
619,4,1939,1,0,0,98654.51291622182,3,2,3
679,4,2014,3,0,0,104677.46784882939,2,1,3
481,1,1936,2,1,0,92960.01705768137,3,1,1
750,1,1918,2,1,0,112416.81200545876,1,2,4
402,4,1953,2,0,0,79218.09981312521,2,3,3
444,4,2016,2,1,0,79001.1349742618,1,2,3
510,4,1994,3,0,0,85668.28194039034,3,1,2
250,3,1927,1,1,1,29424.021654397184,1,2,5
292,1,2016,1,0,0,82441.60373772615,2,1,5
416,1,1915,1,0,1,68457.39773507457,2,3,1
670,1,1987,2,0,1,101221.68469813852,1,1,2
717,3,1973,2,1,1,79332.53973188972,3,2,2
398,3,1929,2,1,0,70075.23190096408,3,3,5
467,2,1975,3,1,0,82534.30214354859,2,2,2
425,2,1916,1,1,1,48431.65027898416,1,3,5
526,4,1960,1,0,1,76037.92717669699,1,3,2
658,2,1961,2,1,0,107276.77122010791,3,1,2
583,3,1918,1,1,1,72512.75233340908,1,1,2
418,4,1931,1,1,1,41409.050691211596,1,1,2
494,4,2020,1,0,1,63293.70550409315,1,1,3
544,1,1911,3,0,0,120361.60304348748,1,1,2
487,3,1905,3,1,1,65140.86376226896,1,2,5
172,4,2016,1,1,1,15466.400693872292,3,1,3
405,2,2019,3,0,1,71087.94143473328,1,3,2
590,2,1994,1,0,0,100333.97954773637,2,3,4
497,1,1933,2,0,1,86909.07483885142,2,1,4
515,4,1955,1,1,1,47551.54358367227,2,2,2
375,4,1931,1,1,1,47325.23908426658,1,3,2
492,1,2011,1,0,1,80483.91309454969,3,2,1
521,2,1940,3,0,1,83913.72603043818,1,2,3
353,2,2013,3,0,0,93191.04377929251,3,3,5
255,1,1917,2,1,1,47766.37170623325,3,1,4
576,2,1942,3,1,0,100444.7752834878,3,3,3
351,3,1907,3,1,1,43353.203753853326,2,2,1
477,4,1903,2,1,1,56204.905127292055,1,3,2
699,4,1981,1,1,1,71887.7882113207,3,2,2
573,3,1909,2,0,1,75437.38378443275,3,1,2
590,3,1911,3,1,1,74084.88162578149,1,2,5
791,4,1946,2,1,1,97738.50848649628,1,1,1
454,4,1913,2,0,0,84227.34520168802,1,1,2
464,2,1943,1,0,0,86378.85223786555,3,3,5
459,1,1907,3,0,0,111227.57166947138,3,2,4
810,2,1952,1,0,1,107976.72002261154,1,1,3
376,2,2009,1,0,0,89592.38206619227,3,2,1
407,4,1973,1,1,1,50511.79957414968,3,3,4
457,1,1978,2,1,1,58663.408918756424,2,3,4
388,4,2002,2,1,0,60909.466452569,3,1,5
467,4,2015,2,0,0,92146.96337972267,3,1,1
675,4,1985,1,0,1,84164.7391651695,2,3,1
370,4,1906,3,1,1,48813.92445896808,3,1,4
616,4,1900,2,1,0,79019.5488341118,3,3,4
562,1,1968,3,1,0,104414.92716854159,1,1,3
414,3,1924,3,1,1,55931.38656668047,3,3,1
301,1,1928,2,0,0,84400.48198987593,1,2,5
544,4,1927,2,0,0,103533.7139553111,1,2,3
809,2,2014,2,1,0,109619.56104491392,1,1,2
314,4,2019,3,0,0,77716.13198023732,2,2,2
550,1,1907,2,0,1,92202.9268471191,3,2,1
541,3,1955,2,1,0,80155.86008026231,3,3,1
394,4,2009,1,1,1,39349.124073529965,3,2,2
585,4,1953,1,1,1,63252.188761361074,1,3,1
355,1,1989,1,0,1,60864.727547709736,2,2,5
429,3,1950,1,0,0,82234.64356394668,3,1,3
311,1,1970,3,1,1,52334.62830212793,3,2,3
672,2,2014,2,0,0,117167.99963254534,2,2,3
430,4,1951,2,0,1,69982.70887342315,2,1,2
243,2,1961,1,1,0,55818.81005590664,1,2,1
429,1,1956,2,0,0,103434.35596020771,1,2,5
458,1,1952,2,0,1,81313.81734755728,1,2,1
566,4,1980,1,0,1,67609.13889964677,2,2,3
692,4,2014,1,1,1,73296.17695723702,2,2,2
678,4,2014,2,0,0,112258.71009200824,3,1,5
839,3,1925,3,1,0,122861.05672934961,2,3,4
584,3,1921,2,1,0,86513.52272830656,3,3,2
728,1,2020,2,0,0,121018.31418631514,2,1,3
525,3,1945,2,1,1,58367.4827397286,3,2,1
518,3,1920,2,1,1,57278.56264773486,3,3,2
613,2,1910,2,1,1,72214.0336144941,3,1,2
526,3,1942,1,1,1,56632.86143425692,1,2,2
586,3,1919,2,0,1,86903.38923856057,2,2,5
351,1,2018,3,1,0,76131.14084933116,1,1,2
311,1,1959,3,0,1,66108.28516499004,2,1,4
842,2,1985,1,0,0,132051.98612478483,1,2,1
438,4,1958,3,0,1,75148.6762200787,3,3,3
377,2,1993,1,0,1,63029.87548672014,2,1,1
783,3,1914,2,0,1,103881.51685931587,1,3,5
678,1,1914,2,0,1,102275.353540264,2,2,3
664,3,1972,1,0,1,86145.80579235416,3,1,4
470,3,1976,2,1,1,58789.50035314194,3,3,3
561,4,2013,3,1,0,86949.7146683745,2,2,1
590,2,1946,1,0,0,99497.64912467726,3,1,1
334,2,2020,1,0,1,58322.84898523756,1,2,2
724,1,1902,3,1,0,117268.3478302983,1,2,5
655,3,1972,1,1,0,83829.35195434996,1,3,3
578,3,1951,3,0,1,91310.79149319834,1,2,3
572,3,1953,2,0,1,80977.59884952968,3,2,3
355,3,1922,3,0,0,83616.13050380953,1,3,5
591,2,2013,3,0,1,92751.96117807576,1,2,2
427,4,1947,2,0,0,82020.85126143305,3,3,5
768,4,1923,1,0,0,107854.62952484087,1,3,4
500,2,1938,1,1,1,63288.97466428412,1,2,3
526,4,1993,2,0,0,91343.68982425627,2,1,2
255,2,1998,1,1,0,52352.15888683764,3,2,1
520,4,2014,2,0,0,90805.59426727964,1,3,1
621,2,1902,2,0,1,92319.8473244132,2,3,3
683,2,2004,2,0,0,110846.08348331526,3,3,5
676,1,1901,1,0,1,97709.58244243781,3,2,2
628,1,1908,2,0,0,122257.9577150485,3,2,1
672,1,1956,1,1,1,78259.34389803189,2,3,4
244,1,1988,1,1,1,36748.2366804963,2,2,1
541,2,1965,1,1,0,80341.18355038129,3,2,1
684,2,1903,1,0,0,118048.37349195985,3,3,5
470,1,1935,3,0,0,103825.41362121073,3,3,4
387,4,2014,2,0,1,58855.786567435935,1,2,4
496,3,1902,3,1,0,91634.60720217384,1,2,3
447,4,1977,3,1,1,58372.09829609726,1,2,4
539,2,1914,1,0,0,104306.64237760902,3,1,2
502,3,1949,3,1,1,72301.25752973485,2,2,2
630,4,2001,1,0,1,79289.20535937884,1,2,5
263,2,2015,1,1,1,48105.69164639197,3,2,1
592,3,1929,3,1,1,77951.66216386906,3,3,4
405,4,1937,1,0,0,70796.30601629618,2,2,4
610,4,1977,3,1,0,93259.2762872088,1,2,5
559,2,1976,3,0,0,117267.90972181386,2,3,5
582,4,1970,2,0,0,104795.3047301172,2,2,1
842,1,1945,1,0,0,143074.31461900688,3,2,5
351,2,2001,2,0,0,94597.75563589514,1,3,5
427,4,1903,1,0,1,62635.52963881702,1,3,1
347,1,1923,2,0,0,92272.94653215623,2,1,2
672,4,1950,3,0,1,92496.55997649672,1,2,1
590,1,2011,1,0,1,86131.11145913925,2,3,2
355,3,1972,1,1,1,41228.24885499471,3,1,4
556,1,1969,1,1,0,95668.70719078841,3,2,2
366,4,1914,3,1,0,74500.87928434779,1,2,3
332,2,1974,1,1,1,52316.40815178379,2,1,5
404,1,1911,3,0,1,74663.75669742201,1,1,3
634,1,1991,1,0,1,92116.24788361705,2,1,5
427,3,1926,1,0,0,77121.6446011428,2,2,3
505,2,1986,3,0,1,85299.26229577085,2,1,2
416,3,2018,2,1,0,69372.12097396672,2,2,4
511,4,1948,3,0,0,93927.8357666944,2,3,1
582,2,1911,1,0,1,91061.83522969026,3,2,2
512,4,1995,3,1,0,86477.99970841562,1,3,1
205,4,1925,3,0,1,40692.126595310256,3,2,5
493,2,2009,2,1,1,64327.92595854599,1,1,3
626,3,1971,2,0,1,91146.02014518356,3,1,5
570,2,1988,2,1,0,92313.06399977132,1,2,3
378,4,2009,1,1,0,59395.12121757282,2,1,1
676,3,1986,3,1,1,79974.88831821941,1,3,1
570,1,1958,2,0,0,116378.39730009112,2,3,4
449,2,1992,2,0,0,96197.46934353515,2,1,3
591,3,1948,2,1,0,83463.11231740811,1,2,4
544,2,1940,3,1,0,98172.82998407543,3,1,1
510,3,2015,3,1,0,92449.29580335767,2,1,1
540,3,2002,3,1,0,93759.59722840793,2,1,5
617,1,1909,3,0,0,120804.17172273679,2,3,5
637,1,1988,2,1,0,101098.5484496749,2,3,4
451,1,1918,1,1,0,83179.87724998439,1,3,2
712,2,1963,2,0,0,120195.27184861404,1,2,2
355,3,1928,3,1,1,58924.770139313565,1,3,3
441,2,2016,3,0,0,101380.05322297322,1,1,3
796,1,1967,3,0,1,116370.48496585646,3,2,5
484,4,1928,2,1,1,58942.50955144312,2,1,5
548,1,2015,3,1,1,77599.87072022428,1,2,5
368,3,1953,1,0,0,77012.72472632462,1,3,4
460,4,1905,1,1,1,53934.41298462119,2,2,3
826,2,1968,1,1,1,89419.69415988617,2,3,2
3,1,1987,1,1,1,28432.90105552546,3,2,1
571,1,1917,3,1,1,85184.28905359289,3,1,5
553,1,1901,1,1,1,78435.83257498495,3,3,4
833,4,2008,3,1,1,88161.33272845279,1,1,2
331,2,1963,3,0,0,93279.08871378242,1,1,4
706,4,1905,3,1,0,106600.09528910992,3,3,1
505,4,1912,3,0,1,85695.05450860126,1,1,2
469,3,1947,1,0,0,89943.35617231812,3,1,2
525,2,1906,1,1,0,85732.35125229135,1,2,5
491,2,1942,2,1,1,72155.37962392224,3,1,3
256,3,1974,3,0,0,76334.94880843893,3,3,4
358,2,2017,3,1,0,68927.59576634761,3,3,1
580,4,1917,1,0,0,102328.53833829457,1,3,5
664,4,1922,1,0,0,105074.72240268545,3,3,4
546,1,1941,2,1,1,70313.60743122255,2,2,5
537,4,1984,2,1,1,58123.40796668331,1,1,5
272,2,2003,1,1,0,55778.035184707944,2,2,1
460,2,2005,1,1,0,78755.03183860682,1,3,1
407,3,1998,2,1,1,58548.683302814505,2,3,2
547,2,1994,1,0,0,104538.48623056381,2,2,1
462,3,1905,3,0,1,74107.35832431001,1,1,2
464,2,2007,1,1,0,69573.76786266723,3,1,2
454,1,1903,3,1,1,71252.82745246253,2,3,3
704,1,2013,2,0,1,98370.85291149748,3,1,4
500,2,1963,1,0,0,95122.28272498235,3,1,2
637,2,1952,1,1,1,78239.31303026415,3,2,3
317,2,1905,3,0,0,88916.09804627694,3,3,2
524,2,1945,2,1,1,65439.26809630846,1,1,5
324,4,1979,2,0,1,55685.641540531,2,3,2
426,4,1922,1,1,1,48043.57317909342,2,2,2
303,3,1938,1,0,0,80856.77530459149,3,1,2
582,3,1928,2,1,1,63380.3858386083,2,2,5
838,2,1926,3,0,0,142133.18130603648,3,3,5
661,3,1960,1,0,0,102891.84639044343,2,2,4
201,4,1921,1,1,0,39737.4109146837,3,3,3
629,4,1988,3,0,0,107208.15162625597,1,2,5
751,2,1940,2,1,0,111255.84393560511,3,2,3
246,3,1906,2,0,0,71989.04629318228,2,3,1
477,2,2019,3,0,1,86064.69669956269,3,3,5
232,3,1924,1,1,0,42224.90330065578,2,1,5
383,1,1939,2,0,1,79264.36693246162,2,2,3
601,4,1973,1,0,0,105969.75928234393,2,2,5
670,2,1926,3,1,0,110753.39094004351,3,2,2
552,2,1930,1,0,0,106799.9672090782,2,2,2
264,1,1917,2,1,0,68115.40351743775,1,2,1
420,1,1905,2,1,1,71400.80179810624,1,3,3
735,4,1966,1,0,0,111336.9065345879,1,1,4
872,1,1998,3,1,0,137938.72766560846,3,3,5
454,1,1937,2,0,1,79390.99757970222,1,2,2
482,1,1984,2,0,0,94360.16365842585,3,2,1
328,1,1926,1,1,0,78029.37487269887,2,1,2
599,3,1970,3,0,1,80307.79504298864,1,1,1
668,3,1947,1,1,1,75167.42949986164,2,2,2
139,3,1995,1,0,1,28487.014019128663,2,2,1
356,2,2002,3,0,0,87159.57270169037,3,1,3
428,3,1941,2,0,1,66816.29435080496,3,3,5
349,1,1923,3,0,0,99562.72063659882,1,2,1
800,4,1970,1,0,0,124362.41208464361,2,3,1
537,4,1951,2,1,1,59740.45382074196,2,2,4
306,2,1954,3,1,0,75663.26893619637,2,1,2
380,1,1914,3,0,1,79674.69756906922,2,2,4
517,3,2009,1,1,0,70833.4308358536,2,1,1
653,1,1982,2,1,1,85175.28510091233,3,1,1
674,2,1992,2,0,1,100484.68691362416,2,3,3
484,4,1925,1,1,0,69154.10089838335,3,2,5
414,1,1945,3,0,1,86581.5566698068,3,1,3
515,4,1909,2,0,1,75808.44262931356,3,3,1
473,3,1923,1,1,1,43240.95046404126,1,1,2
394,2,1960,2,1,1,57851.2075353863,3,2,5
702,1,2019,1,1,1,81288.42878868687,1,2,4
505,1,2020,2,0,0,106499.38171233161,2,3,1
692,1,2019,3,1,0,116497.81472066848,2,2,2
431,3,1978,3,1,1,57513.68660880363,1,2,2
659,3,1933,3,1,1,82256.64966575544,1,1,5
755,3,1925,1,1,0,102164.4185977406,2,3,5
385,3,1960,2,1,1,46858.58136105166,3,2,1
449,2,1908,3,1,1,64151.128380804985,3,3,3
494,2,1970,1,0,0,93928.61296461972,3,1,4
162,2,1987,1,0,1,39203.757822978434,2,1,2
290,1,1946,2,1,1,48956.22749494313,1,2,1
820,3,1953,1,0,0,121314.09526909477,2,1,1
479,4,1942,3,0,1,72907.57654319152,2,2,4
797,3,1994,2,1,0,122302.30145653723,1,1,5
433,3,1957,3,0,0,88473.61626357552,1,2,1
508,2,1940,3,1,0,90589.38998599468,3,3,1
643,3,1930,1,1,0,93791.2106733563,1,3,5
676,4,1983,1,0,1,80685.89218447485,2,1,3
567,3,1913,3,0,0,96983.93394369422,1,3,2
336,3,1993,1,0,1,46843.71311610828,2,1,1
728,2,2000,2,0,1,98963.2332507891,3,1,2
753,2,1952,1,0,1,101235.04628069805,1,3,3
539,1,1941,1,0,1,87367.46285830163,1,1,2
667,2,1987,2,0,1,97172.8322711114,3,2,2
795,2,1918,2,1,0,113185.01662510708,1,3,3
664,3,1958,1,1,1,69766.05197684732,3,2,2
773,3,1912,2,0,0,121209.82928146402,3,1,1
454,4,1935,1,0,0,85831.43633386809,3,2,1
669,4,1926,1,0,1,89490.4756961146,2,1,1
523,2,1976,1,0,1,67751.64062034074,1,3,2
531,1,1926,1,1,1,71592.72241781362,3,2,1
626,1,1940,2,0,0,119761.51568794712,3,1,4
213,4,1902,3,0,1,50555.33910514734,1,3,3
524,1,1997,2,1,1,68738.62120004355,3,1,3
478,1,1996,1,1,0,81328.36647562198,3,2,1
407,2,1958,2,0,1,70699.63770245569,3,3,3
517,1,1927,2,0,0,100283.50745653553,2,1,4
563,3,1964,3,0,0,109228.33495959589,2,1,2
491,3,1954,2,1,1,60156.588309867104,1,1,4
452,3,1914,1,0,1,66888.52801771475,1,1,5
559,1,1981,1,1,1,65208.401295176416,1,3,1
381,1,1958,1,0,1,71425.71934194287,2,1,1
564,1,1963,2,0,0,112125.23598055232,3,1,3
516,2,1960,2,0,1,86313.9590187458,1,2,5
378,2,1970,1,1,0,68033.42546890336,1,2,2
309,1,1993,1,1,0,57950.444785625834,3,3,5
453,2,1929,2,0,1,84127.33204028099,3,1,3
628,3,1960,2,0,0,106825.58505911886,1,3,1
475,1,1986,2,1,1,69316.71083435637,2,2,1
267,2,1938,1,1,1,29870.205006539734,2,1,4
670,3,1981,1,0,1,85305.94207763896,2,2,2
745,1,1977,2,0,0,135058.84261479555,1,3,2
460,3,1944,2,1,1,54166.966880624284,3,1,3
536,1,1965,1,1,0,87550.10744018204,1,3,1
544,1,1932,1,0,1,79859.89079171204,2,2,5
432,4,1945,3,0,0,90448.80761913458,2,1,4
470,2,2011,1,1,0,73417.44669041665,3,1,5
712,3,1986,3,1,0,99964.14202320915,1,3,2
510,4,1929,1,1,1,51264.05875211506,3,3,4
445,2,1901,3,1,1,65321.86571044198,2,2,5
466,2,1941,2,1,1,56514.476726228815,3,1,2
592,3,1935,1,0,0,104793.88661418074,1,1,1
322,2,2002,3,1,0,69376.61007696844,1,1,1
489,4,1977,2,0,1,77564.79472391213,1,2,3
710,4,1989,3,0,0,125568.97566729893,1,1,3
536,3,1965,1,0,0,93644.00716436634,1,1,4
437,1,1950,2,0,1,81591.42426973229,2,1,1
594,4,1974,1,0,0,88416.07917087691,1,2,3
533,4,1962,1,0,1,56225.81087385134,2,1,5
761,2,1923,2,1,1,93777.24209619786,1,1,4
390,4,1954,2,1,0,68440.38085010568,2,1,1
855,1,1950,1,0,0,135038.5251278692,3,1,2
669,1,1912,1,0,1,98450.35963619356,1,1,3
576,2,1937,3,0,1,83888.14382157844,1,3,4
337,3,1954,2,0,0,79552.25868612766,3,2,1
444,3,1955,1,1,0,64832.987598099404,1,1,1
538,2,2010,1,1,0,83184.57941054339,2,3,3
423,3,1908,3,1,1,59446.74474764001,2,1,4
421,3,1983,1,0,0,79951.96046013251,2,1,4
767,2,1904,1,0,0,116031.38961914758,3,1,1
665,1,2014,3,0,1,109463.61882852767,1,3,3
401,2,1983,1,0,0,77839.51978491544,3,3,3
670,1,2019,1,0,1,94065.20584607866,3,1,1
520,2,1916,3,0,1,83440.54325007036,1,2,1
344,2,1929,1,1,0,58808.80781518087,1,1,1
460,4,1975,2,1,1,43512.21163020299,1,2,3
720,4,1952,1,1,0,95595.23993277896,3,2,3
210,2,2014,2,1,1,35725.17512316591,2,3,5
373,1,1971,1,0,0,84868.16856864162,1,2,1
336,4,1979,3,1,1,35945.29207260206,2,3,2
539,1,1954,3,1,0,97234.66644387384,3,3,2
384,2,1991,1,1,1,54461.380123413386,2,1,1
518,2,1945,2,1,0,85439.15031416249,1,1,4
331,1,1931,1,1,1,53269.30484472987,3,1,4
549,3,1968,3,0,0,101927.05985269051,2,2,4
632,1,1982,3,1,0,109217.07015062422,2,1,5
359,1,1961,2,1,0,77971.87433036418,3,2,4
426,1,1995,2,0,1,88692.61262682882,3,3,5
218,2,1900,3,0,0,82522.65191673617,1,1,2
779,2,1952,2,1,0,115181.51431530266,3,2,2
617,4,1917,3,0,1,80336.38232801463,1,1,4
299,1,1942,2,1,1,51597.37747582902,3,3,2
451,2,1992,2,1,0,72299.31000776848,3,3,1
256,2,1939,1,0,1,48307.08185075786,3,2,4
650,3,1943,1,1,1,65318.27974477035,1,3,1
586,3,1928,2,1,1,70197.88295254199,3,3,2
486,1,1927,2,1,1,60220.91817938954,1,3,2
655,2,1909,2,1,1,79997.10411409539,2,3,5
447,1,2001,3,1,1,71347.50937261568,1,3,2
359,3,1921,2,1,0,69524.71571848028,2,3,4
426,4,1921,1,0,0,71178.50942311075,3,1,5
489,4,1951,2,1,0,71843.77654160398,2,3,1
487,3,2004,3,0,0,92652.5008058061,1,2,2
561,1,2006,2,0,1,88394.85352686011,2,1,4
699,1,1959,3,1,0,120170.89359216126,1,1,4
417,2,1969,1,1,0,66643.18699632485,3,2,5
413,3,2002,2,1,1,53186.14957688017,1,3,4
574,1,1965,3,0,0,120436.3632963986,1,1,2
752,4,1987,1,0,1,93681.21418684976,3,1,1
440,2,1917,3,0,1,78511.64298797796,2,3,5
669,1,1979,3,0,0,123188.05793872973,1,2,2
345,4,1959,1,0,0,78147.80178122957,2,3,3
627,1,1999,3,0,1,100972.85600668979,1,3,3
450,4,1929,3,0,0,95468.74776350902,3,2,1
439,4,1968,3,0,0,95746.80482272703,3,3,5
304,3,1999,1,0,0,72755.85770566198,2,3,5
523,2,1923,2,0,1,88080.3015774072,3,1,2
585,3,1928,2,0,1,77571.02834448488,1,3,5
408,3,1925,2,1,0,74399.48259185594,2,1,4
667,1,1969,2,0,1,105420.16802891858,3,3,1
649,3,1997,1,0,1,86641.5777193423,3,1,1
412,2,1911,3,0,0,93193.7483210815,2,1,2
561,3,1956,1,0,0,92600.35883797193,3,2,4
552,3,2009,1,1,0,76685.59454333088,1,3,4
562,3,1934,2,0,1,84151.43215511391,3,1,5
437,4,1957,2,0,1,64192.78810698242,1,3,2
387,3,1984,3,1,0,71144.95383598782,1,3,1
599,1,1923,1,1,0,92632.07021339545,3,2,1
322,3,1970,2,0,1,53807.60392772364,3,2,2
372,4,1986,2,0,0,75072.63510904578,2,2,2
653,3,1963,3,1,0,97787.63085049411,1,1,4
510,3,1942,1,1,1,51949.07919605267,2,1,3
539,1,1983,2,1,1,64782.51199858579,1,2,1
438,2,1902,3,1,1,64757.66801371374,1,2,3
348,1,1957,2,1,0,71518.56110118887,2,2,4
660,2,1916,2,1,1,84229.09101654368,2,3,3
520,3,2009,1,0,1,80733.42781613405,1,3,1
208,2,1992,3,0,0,86335.88326486667,1,3,4
419,1,2006,2,1,1,56298.602036173135,1,3,1
473,4,1976,2,0,0,88431.81232006653,3,1,3
785,3,2009,3,0,1,101807.23950093644,2,2,3
832,4,1988,3,1,0,110282.1289369807,3,2,3
559,2,1975,1,1,1,65030.16728118051,3,2,5
601,2,1927,2,1,0,102588.60347474391,3,3,2
474,3,1931,3,0,0,94722.81629547956,2,3,5
369,2,1914,3,0,1,77898.54810762266,1,3,1
516,2,1924,2,1,1,67853.09124598539,2,2,1
497,4,1983,3,0,0,85056.77492538586,1,1,3
387,4,1974,2,0,1,54953.836908254496,1,1,2
501,2,1949,2,1,1,68239.08047825504,2,2,3
440,3,1999,2,1,1,63309.6960787466,2,3,1
619,3,1997,3,0,1,87508.97897737917,1,2,4
554,4,1985,3,1,1,62895.60864359618,3,1,4
520,4,1959,3,1,1,64312.723971328734,1,1,4
392,1,1975,2,1,1,70371.65828167065,2,3,4
118,3,1950,1,1,0,36281.98637463427,3,3,3
601,3,1955,1,1,1,59717.28537963288,3,2,5
496,4,1992,1,0,0,81087.92107806868,2,3,2
500,4,1941,2,1,0,80044.23245878013,2,1,5
673,2,1975,3,1,1,91923.94489612113,1,2,4
333,2,1922,3,1,0,63558.987520951145,2,3,1
461,2,1930,3,0,0,98920.31363128698,3,1,4
511,4,1907,1,0,1,70674.11310611494,2,1,4
812,3,1946,3,1,0,125325.83561225435,1,1,2
380,3,1940,1,0,0,81802.63071307362,3,1,1
596,1,2004,2,0,0,113138.66960760909,2,1,4
489,4,1939,2,1,0,74087.547261326,2,2,5
844,3,1994,1,1,0,111456.67716857659,1,1,2
455,3,1996,1,1,0,67797.34433846432,1,3,1
517,4,1988,1,0,1,64266.908076998494,1,2,4
470,1,1915,2,1,1,71206.45620499057,1,3,3
272,3,1975,2,0,0,68893.95612582756,1,2,2
438,4,1991,1,1,0,63709.85890466768,2,2,3
292,4,1974,3,0,1,55815.665476885966,1,2,1
573,2,1988,3,1,1,74287.27593947043,3,3,2
446,3,1919,1,0,1,66813.5464432936,1,2,1
328,1,1973,3,1,0,82371.15904690236,3,3,2
472,3,2002,1,0,1,62863.62008070401,2,1,4
672,3,1975,1,1,0,93953.23765504781,3,1,2
205,1,1925,2,1,0,55217.158265796796,2,3,2
599,3,1996,3,1,1,67678.81544075592,1,1,3
620,1,1963,1,0,1,93907.17543331774,1,1,1
492,4,1991,2,0,1,70783.83702276702,1,3,1
372,4,1907,2,1,0,49440.24942627894,3,2,1
590,1,1948,2,0,0,111868.73857030708,3,3,3
637,3,1969,3,0,0,113677.40020241399,2,1,4
356,2,1937,2,0,0,95891.56828631835,2,3,4
448,2,1938,2,1,1,61463.654993307435,2,1,5
524,4,1944,1,0,1,65647.99902691404,3,3,4
580,4,1946,3,1,1,67027.13211507065,3,3,3
556,4,1984,2,0,0,88316.51880910095,1,3,5
431,2,1968,1,1,0,59064.91318524671,1,2,1
591,1,1991,1,0,1,84159.24348834465,3,1,4
608,3,2000,3,1,1,73245.2107876195,1,3,2
576,2,1964,1,0,1,79297.639261452,3,1,2
436,1,2001,2,0,1,83304.40852085424,1,3,2
406,4,2003,2,0,0,78847.61503193543,1,3,2
391,4,1967,3,1,0,68734.13546011536,2,1,5
649,4,1981,1,1,0,80130.04322732172,1,2,2
388,4,1922,3,0,1,65289.30092585227,1,2,3
54,1,1933,2,1,0,50100.90046647221,1,3,5
384,1,1929,1,0,1,65828.64005503521,2,2,2
575,4,1968,3,0,0,105561.23149082772,1,3,1
288,1,1941,3,1,1,49774.79359255533,3,1,4
708,4,1904,2,1,0,100777.93818796036,2,2,1
271,1,1972,1,1,1,48271.730048276244,1,2,3
597,3,1962,3,1,1,82842.81683482001,2,2,3
493,3,2006,3,1,1,60411.560380963856,1,3,1
409,1,1977,3,0,1,90731.53748286638,2,1,2
620,2,2004,2,1,1,75869.62752889167,2,2,3
533,4,1933,2,0,1,82341.65572788993,1,2,3
360,4,1944,1,0,1,45358.668445512754,2,3,2
618,1,1957,3,0,0,119050.07961732743,1,1,5
272,4,1941,3,1,0,47154.41477746932,2,1,3
219,3,2010,1,1,0,54060.269666322485,1,2,2
603,1,1976,1,0,1,94982.63578415754,3,1,3
396,2,1912,1,1,1,55608.17332227335,1,2,4
443,3,1974,2,0,0,89598.13181102315,3,3,5
568,2,2020,3,1,1,76516.89862172892,1,1,4
586,2,2009,3,1,1,78231.90732227046,3,2,5
356,4,1900,1,1,0,59953.4085156457,3,3,5
728,3,1957,1,1,1,74262.99035603374,2,1,2
606,3,2011,2,0,1,82574.04762138498,2,1,3
529,4,1931,2,0,1,70436.7939125146,1,3,1
468,3,1930,2,0,0,88292.95577482172,2,1,2
712,3,2001,2,0,0,119553.95990571512,3,1,3
512,1,2010,2,1,1,73445.30134613822,3,2,4
797,1,2006,1,1,0,118986.5809595302,3,3,5
435,1,2010,3,1,1,71149.41076115282,1,1,4
574,1,1942,3,1,1,90148.64017722815,1,3,5
520,2,1928,3,0,0,113266.07886351393,1,2,1
310,1,1961,3,1,0,88216.10757032005,3,3,3
527,2,1975,1,0,0,99749.81017316868,3,3,2
582,2,2005,1,0,1,83576.4047754991,3,1,5
383,1,1950,1,0,0,91736.67101951738,2,3,3
493,1,1984,1,1,1,58964.56648306894,3,1,3
427,3,1962,3,1,1,52681.6827343716,3,3,2
271,4,1923,3,0,1,55337.74131297094,1,2,2
465,1,1992,2,1,0,86966.84158214927,3,2,2
634,2,1981,3,1,0,92594.18164415087,1,1,1
699,1,1910,3,0,1,105121.41083065256,1,3,1
435,2,1909,2,0,0,92765.94337163727,3,3,5
698,4,1961,1,1,0,98135.28452700673,1,1,3
471,2,1968,3,1,0,78883.59416468069,2,2,5
581,2,1947,2,0,0,113426.6733986021,3,1,2
472,3,1905,2,0,0,93969.60747693258,3,2,3
384,3,1939,1,1,1,42492.174174014835,2,3,5
468,4,1907,1,0,0,82115.80395638055,1,2,1
543,4,1903,3,1,1,68922.50881429459,2,2,3
463,2,1961,2,0,0,97184.86442294183,1,3,5
604,1,1992,3,0,1,97397.05067056521,1,1,4
301,1,1956,1,0,0,72042.99247065527,1,2,4
502,1,1920,1,1,1,63261.85809627075,2,3,5
522,4,1909,3,0,0,96918.85579742417,1,3,3
522,1,1981,2,0,0,105490.91275166387,2,1,4
727,4,1901,3,1,1,81728.58367710207,1,1,5
211,3,1985,2,0,1,36220.41099552819,1,3,1
850,4,2012,2,0,0,131182.03906286147,2,2,1
448,3,1976,3,0,1,72297.34744853305,1,2,2
315,4,1913,1,1,1,26964.737310918194,3,3,1
326,3,1994,3,1,0,67717.75320922292,1,1,4
555,3,1991,2,1,1,62467.966020817854,3,3,2
482,3,1940,1,1,0,64936.68229441767,1,3,3
339,4,1948,1,1,1,31599.07910489124,3,1,3
225,4,1920,3,1,1,40119.80852219723,2,2,4
351,3,1971,1,0,1,57677.827747982454,1,1,4
251,2,1952,3,0,0,85337.11699562732,2,3,4
563,4,1972,2,1,1,59766.779423299384,1,3,2
613,4,1900,2,1,1,62776.66019981708,3,1,1
512,1,1930,2,1,0,101612.95943427004,1,3,1
478,2,1995,3,0,1,81716.31938339793,1,1,5
644,3,2016,1,0,0,102022.59879230097,3,2,3
566,1,1929,2,1,1,82095.54839842563,3,2,5
618,3,1942,2,0,0,102276.94161002347,3,1,2
264,1,1951,1,1,0,60526.239441789905,1,1,3
531,1,2000,2,1,1,78765.83476937188,3,2,2
219,2,1955,3,0,0,80165.69330978976,3,1,4
325,2,1922,1,1,1,44903.28803967343,3,1,1
610,1,1918,3,0,1,105608.02007497901,2,3,4
409,2,1967,2,0,0,94942.8814983756,3,3,1
592,3,1946,3,1,1,80380.74114670564,1,3,3
614,4,1960,2,1,1,61164.401100891235,3,2,2
527,4,1944,1,0,0,87935.42423707547,2,3,5
522,1,1965,3,1,0,95133.91103858416,2,1,5
585,4,1958,1,0,1,73498.14971413858,1,1,2
374,2,1970,2,1,0,74152.72742948294,3,2,3
445,3,1972,2,1,1,57653.7790285811,2,1,4
650,3,1914,3,1,0,96832.30915502843,2,3,3
711,4,1982,3,1,0,112388.4783017946,2,2,2
90,4,1913,2,0,0,52602.97882230111,2,1,5
520,4,1909,1,0,1,70632.18186897274,2,2,4
568,4,1948,3,1,1,75295.83229003672,1,1,4
649,3,1962,3,0,1,90160.11902735125,1,1,5
693,3,1994,2,1,0,98567.44323139284,2,3,4
294,4,1935,2,1,1,32072.312079894153,1,2,3
279,3,1948,3,1,1,43401.27547936953,2,1,3
558,1,1958,2,0,0,120697.73188717982,2,3,4
617,3,1931,3,1,1,88314.97665213117,1,3,5
427,2,1982,2,0,1,66259.38785432003,3,3,5
788,4,2012,1,0,0,120108.31216876245,1,3,3
430,1,1970,3,0,0,104455.75803956593,2,1,4
506,4,1938,2,0,0,82757.87022381075,3,1,1
477,3,1927,1,1,0,76367.99320494352,3,1,2
643,3,1929,3,1,1,90456.49277434581,3,2,4
496,1,1900,2,0,0,101695.63805890582,1,3,2
501,4,1934,2,0,0,94608.62698698361,1,2,5
801,3,1938,2,0,1,98397.394233008,2,1,3
517,2,2018,3,1,0,93837.02567695954,3,3,2
642,3,1958,2,0,1,94550.04502156124,1,3,5
706,3,1924,3,1,1,93318.47328972253,1,3,1
483,1,1911,2,1,0,91958.3801080962,3,1,4
659,2,1919,1,1,0,93407.27275026111,3,2,3
685,4,1973,2,0,0,108326.7957370855,1,2,1
381,4,1923,1,0,1,47614.22069420395,3,1,1
530,2,1902,3,0,0,107164.50209557069,1,2,2
594,4,2019,1,0,1,76793.05752732429,3,3,5
498,1,1987,1,1,1,67608.46290547852,2,1,5
435,4,1962,3,1,0,80041.9702690245,2,1,5
634,3,1979,3,0,0,105362.29803490642,1,1,4
389,2,1956,2,1,1,49177.526179952685,2,2,5
809,2,1951,3,0,1,106841.95189418581,3,3,1
439,1,1926,2,0,1,79542.21283735745,3,3,1
539,4,1921,3,0,1,74230.62150937374,1,2,5
633,4,1984,1,0,0,99476.18884782828,3,3,4
427,1,2006,3,0,0,94718.74156778822,1,1,5
568,2,1950,2,1,1,72699.16464204082,3,2,5
346,1,1907,1,0,0,92531.74561978066,1,3,3
618,4,1941,1,1,0,91629.59757329454,1,1,5
301,1,1932,3,1,1,64851.431215448036,3,1,1
465,4,1994,3,1,0,83427.02185346736,2,3,5
238,1,1966,2,0,0,81269.09834893802,3,1,1
435,3,1905,3,0,1,71657.67008621563,2,2,4
830,2,1920,3,0,1,123058.18567693912,2,2,2
395,1,1955,3,0,1,82476.81338431532,2,3,3
216,2,1901,3,1,0,60773.51366533854,3,2,4
501,3,1996,1,1,0,70131.6977821391,1,1,2
583,1,1986,3,1,0,98672.76910050357,3,2,1
626,4,1949,3,1,1,79491.36180604702,3,2,3
419,2,1961,2,0,1,75424.41724713924,3,1,3
872,4,2002,1,0,0,126601.04802785993,1,2,4
538,3,1973,3,1,1,68347.49285046641,3,3,2
556,1,1920,1,0,1,82763.58525763892,3,1,4
501,1,2008,2,0,1,76707.33746121905,2,2,4
482,3,1939,1,1,1,59940.6702947849,1,1,2
540,1,1915,3,1,0,101411.22117352828,2,2,2
441,4,1926,3,0,1,65118.09319862141,3,1,1
494,1,1965,3,1,0,98080.81718987442,2,1,1
567,2,1901,2,1,1,66554.1894986596,3,2,5
560,3,2018,2,0,0,99224.86096423419,2,2,1
382,3,1916,3,0,0,88185.84375856024,2,3,1
645,1,1977,1,0,0,108392.5232082249,2,1,3
467,2,1924,3,0,1,79999.7619599977,3,3,3
397,2,1947,2,1,1,55948.19373407013,3,2,2
560,3,1928,2,1,0,84432.10237113442,3,2,1
331,2,1900,2,0,1,68028.60660019402,3,1,4
404,1,1964,2,1,0,81473.21985240826,3,1,5
614,4,1990,1,0,1,72960.44671928132,3,3,1
263,3,1966,1,1,1,34276.59697033582,1,2,3
255,3,1954,3,0,0,83420.82325947782,2,3,2
486,4,1916,3,1,0,80265.05549845171,1,1,3
359,4,1912,2,1,0,67253.47666323207,1,1,4
536,2,1909,3,0,0,107441.90479139364,2,1,1
305,1,1935,2,0,0,87718.52466549576,2,3,3
384,2,1986,1,0,0,83379.56373859236,1,3,5
480,4,1910,3,0,1,62521.587459674935,1,3,2
614,4,1988,1,0,0,99298.63888064594,1,1,2
546,4,1951,1,0,0,91306.53826852581,2,2,3
296,3,1948,2,0,1,49548.11193493399,3,3,5
506,1,1902,1,1,0,96454.44278761552,2,2,2
802,1,1965,1,0,0,136865.30595710204,3,1,3
336,1,1914,1,0,1,66672.09507068574,3,3,5
501,4,1917,1,1,1,49625.70624274439,2,2,3
545,4,2009,1,0,1,70621.0528529307,2,3,3
464,3,1968,3,0,0,104080.43764177445,2,3,4
473,1,1975,3,0,1,98514.11882567288,3,2,2
806,4,2013,3,0,0,123236.27403184131,1,1,5
446,2,1920,3,0,1,81453.85579390575,1,3,5
459,3,1956,2,0,0,95418.90468819899,3,1,3
589,1,1905,3,1,0,103521.4503507506,1,3,3
544,1,1956,1,1,0,90298.87412342617,3,1,2
636,1,1958,1,1,0,97405.82452799426,3,3,5
382,4,1907,2,1,1,50541.063592217,1,2,5
518,1,1933,1,1,1,64720.03678135385,2,1,2
392,2,1965,1,0,0,82492.43515982373,1,1,1
447,4,1901,2,0,1,71206.65154118915,2,3,3
628,4,1943,3,1,0,104680.53033560808,2,3,1
770,2,1931,3,0,1,107265.27731472031,1,3,2
469,1,2020,1,0,1,70036.0466079341,1,1,5
464,3,1964,1,1,0,75402.94266143657,2,3,5
528,3,1931,3,0,1,81892.61183025729,1,3,3
422,1,1930,2,0,1,77346.90444568587,1,1,5
343,3,2019,3,0,0,76722.31826851745,1,1,1
228,3,1987,2,0,0,63257.679352756364,2,3,2
348,1,1967,1,1,0,67950.81260482752,3,3,3
674,1,1928,2,0,1,106572.9691148921,3,3,5
475,2,1988,3,0,1,87755.39441354548,1,2,3
519,2,1935,3,1,1,74522.44484340052,2,1,1
570,2,2015,1,1,0,82876.42428980506,2,2,2
661,1,1956,3,1,0,114664.09587480793,3,3,4
504,4,1988,3,1,1,71011.44483410957,3,1,4
276,2,1926,1,0,0,73388.87159100703,2,1,5
447,4,1994,2,0,0,76532.71735356632,2,1,3
588,1,1938,3,1,0,106091.10973604761,1,1,1
153,3,1982,3,1,0,53183.95226326544,2,2,3
314,1,2007,2,1,1,55017.56859722665,1,2,2
479,2,1992,1,1,0,73945.79637509554,3,2,1
217,4,2004,2,0,0,65362.64042243379,3,1,4
304,2,1949,1,1,0,62654.12307668174,2,1,3
443,3,1904,2,1,0,78293.98035855916,3,1,1
677,1,1919,1,0,0,130030.94293726094,2,1,3
496,3,1945,3,0,0,105850.37267391724,1,2,1
322,2,1927,2,1,0,68110.91014329062,1,2,3
427,4,2011,3,0,0,86110.22227148531,1,1,3
642,4,1918,3,0,0,104231.91573844127,3,3,5
658,1,1942,1,1,0,113279.70203625708,3,2,4
718,3,1951,3,1,1,84614.6122048889,2,2,5
439,2,1947,2,1,0,85339.86752386134,3,2,1
569,4,1931,1,1,1,67474.35002705848,3,3,2
492,2,1977,3,0,1,88497.17882344856,2,2,2
524,2,1948,1,0,0,104721.86624784401,3,2,5
395,1,1901,3,0,0,101921.15221441456,3,3,2
742,1,1904,1,1,1,90055.36749931099,1,3,1
546,4,1966,3,0,1,88396.66392937081,2,2,4
626,4,1904,2,0,0,104112.27143640448,3,1,5
472,3,2008,1,0,1,64052.040877094725,3,3,3
235,1,1913,2,0,1,57171.541427460004,3,2,1
430,1,1927,1,0,0,96057.07161663032,1,2,3
365,3,1966,3,0,1,64331.313238445706,2,1,1
573,1,1972,2,1,0,98874.37391022696,3,3,4
447,3,1954,2,1,0,74190.67624349956,1,2,2
309,4,1933,1,1,0,57743.40562112901,2,1,2
667,1,2002,1,0,1,94600.60507766192,3,1,1
451,4,2017,1,1,1,44838.84112746819,3,1,4
286,4,1953,2,1,1,38498.976899343244,3,1,1
670,3,1944,3,1,0,106578.68052427846,1,2,4
731,1,2001,2,1,0,107167.0221052439,3,1,5
644,4,1988,3,0,0,110552.97657259664,3,1,3
692,3,1988,3,1,0,93484.81498208457,1,1,4
622,4,1960,2,1,0,78664.62831591727,3,1,3
498,3,1905,2,0,0,93473.21360518207,2,2,1
416,2,1985,2,0,0,94722.07843752259,1,1,1
268,3,1992,3,1,1,40393.00763282335,3,2,2
555,2,1951,1,1,0,85244.41515052509,3,3,3
243,4,1952,1,0,0,63417.662568405925,2,2,1
579,3,2018,3,1,1,77695.347916834,2,3,5
597,3,1959,1,0,0,91307.40616409216,2,2,5
689,2,2004,1,1,0,90638.66951484662,1,2,5
435,2,2016,2,1,1,59912.259118271046,3,3,1
366,3,1993,2,1,1,52141.26412308146,1,2,3
849,4,1974,3,1,1,90383.18496189435,2,1,3
370,4,1925,3,0,0,68434.8853862807,3,3,5
762,4,2018,3,0,0,125390.37046089591,3,3,1
480,4,1915,1,1,0,67153.74532179948,2,1,2
394,1,1909,3,1,1,69378.07371039817,1,2,1
465,1,1999,2,1,0,92024.0031569217,3,2,5
858,4,1983,1,0,1,106713.59751132192,1,2,1
386,4,1989,2,1,1,44191.28391993478,1,3,3
669,4,2012,1,1,0,89214.73644342349,2,2,5
805,4,1918,1,1,0,103513.22513129252,2,2,4
410,2,1927,3,0,1,84016.84378783323,1,1,5
593,1,1928,3,0,1,96354.69274156605,3,1,5
580,1,1940,1,0,1,89262.43875369566,3,3,2
690,4,1926,2,0,1,89276.11312032335,3,3,3
620,4,1922,3,1,0,103432.08948066541,2,2,1
529,2,1926,3,0,0,110274.79666659748,3,3,2
211,2,1928,3,0,0,75975.23633796496,1,2,5
298,4,1900,2,0,0,76506.11020350517,1,1,4
450,2,1902,1,0,0,94962.83224721086,1,2,2
530,2,1965,3,0,0,108045.20725029669,2,3,4
518,4,1972,2,0,1,72289.83664882755,1,3,3
400,1,1976,2,0,1,70617.04290069676,3,1,3
298,3,1908,3,0,0,86252.15280788421,1,3,3
314,3,1949,3,1,0,61937.61550449617,1,3,4
569,2,1962,1,0,0,107856.10743873792,3,3,4
490,4,1996,3,0,1,72411.10664881615,2,1,5
632,4,1925,3,1,0,94465.36090576235,2,2,1
508,2,1947,1,1,0,89357.87289838582,1,2,3
406,4,1945,1,1,0,70450.78623772199,3,2,2
556,4,1987,1,0,0,85264.44015805685,1,2,1
624,3,1987,1,1,1,67449.58127236208,3,2,5
483,2,1969,3,0,0,102404.30537319233,3,2,1
494,3,1900,2,0,1,78542.84365642727,1,3,5
545,3,1942,1,1,0,83672.83927143134,3,3,5
540,2,1925,3,0,0,108982.47627368438,2,2,3
497,1,2006,2,0,1,97775.41293681941,3,1,1
736,4,2015,3,0,1,104940.44461967825,3,3,1
371,4,1927,3,1,0,65223.15622504669,2,2,2
461,4,1963,2,1,0,66150.13747593718,3,1,3
501,1,1998,2,0,1,93464.96779189292,3,1,3
372,2,1956,1,1,1,50553.13162550522,2,1,2
627,2,1969,1,1,0,91731.19636503037,3,3,2
715,4,2005,1,0,0,110558.28738783239,2,3,5
445,1,2008,3,0,0,100121.3794399454,3,1,4
465,4,1973,3,0,1,60902.468988177236,1,1,2
572,4,1926,1,0,0,94574.88535731273,1,1,3
465,3,1958,1,0,0,92868.14526416181,2,3,5
415,2,1985,3,0,0,109267.52056769027,2,3,1
302,3,1981,1,1,0,53862.48712567371,1,2,2
516,2,1917,3,1,1,83547.97480107479,3,2,1
342,1,1928,2,1,0,83550.69407803052,2,2,5
606,2,1918,1,0,1,95611.64248899039,1,2,3
469,4,1904,3,1,1,59873.09687414922,1,3,4
593,2,1908,1,0,0,105833.62555704589,3,2,4
320,1,1901,2,1,1,56704.77174946682,3,3,4
570,1,1931,3,0,1,88204.2837662778,3,2,1
547,2,1978,3,1,1,80598.0437052005,2,2,2
744,2,1959,1,0,0,112079.2506572396,2,2,3
333,4,1998,3,1,0,60796.366882717295,2,1,2
522,2,2018,2,1,1,64885.008760704666,3,2,4
399,2,1951,1,0,1,61754.66527381216,3,3,3
566,1,1972,3,1,0,99831.38667221882,2,1,4
447,2,1938,3,1,1,61253.67673824898,3,1,5
435,4,1944,3,1,1,49553.91409447145,3,1,1
320,3,2005,2,0,1,51688.398088477385,3,1,3
560,3,1950,3,0,1,92545.74913880482,3,2,2
455,1,1919,2,0,1,87807.74296067868,1,2,1
411,3,1949,3,1,0,74851.41932074407,3,2,2
393,3,1989,2,0,1,69720.35817453494,1,1,1
468,2,1947,1,1,1,59572.324277493004,2,3,1
496,1,2015,2,0,1,83954.74760833787,1,2,2
611,3,1943,2,1,1,73042.30194572247,3,1,4
669,2,1970,3,0,0,117689.71308435532,3,2,1
766,1,1965,2,0,1,108395.9568528132,2,1,5
548,1,1930,1,1,1,65484.781759923906,2,3,2
465,3,1955,3,1,1,65972.67188493158,1,1,5
243,3,1920,3,1,1,43445.43523815059,2,1,1
604,2,1989,1,1,0,88043.89540190331,1,1,2
349,4,1963,2,0,1,50585.034893052536,1,1,3
488,1,1927,3,0,0,109883.45432988716,1,2,5
676,2,1966,2,1,1,92305.81110843366,3,3,3
356,2,1927,1,1,0,68173.2179941953,3,2,1
685,2,1947,1,0,0,109896.27256001401,3,3,5
862,3,1955,3,1,1,98071.01783144988,3,2,1
500,1,1914,1,1,0,87473.3173842862,1,3,4
441,4,1931,2,1,0,76046.75425479584,3,1,4
670,3,1987,1,1,0,89058.6949283744,2,3,2
337,3,1960,3,0,1,61165.1156019243,3,2,3
324,3,1977,2,1,1,40382.809796892754,2,1,3
281,2,1994,3,1,0,68130.26888238454,2,1,4
309,2,2017,3,1,1,56113.51110294334,2,2,3
552,4,2018,2,0,0,94108.66689042302,3,3,3
499,3,1983,3,0,1,77182.64274814067,2,1,5
222,2,1975,3,0,1,57673.51985588063,3,3,2
343,4,1908,3,0,1,62271.32304125721,1,3,1
778,4,1991,3,1,0,106685.73713401258,3,1,2
601,4,1983,3,0,1,84054.32906803992,2,3,5
509,3,1973,2,0,1,71193.95974676363,3,1,2
372,2,2020,3,0,1,80147.13506008028,2,1,1
467,4,1905,1,1,1,52081.797599744175,3,2,2
415,1,1918,2,1,0,76999.31409104829,3,3,5
542,4,1934,2,1,0,83836.14569905415,1,3,2
606,3,1937,2,1,0,88394.353016304,3,3,2
703,1,1900,3,1,1,97648.13624251875,2,1,4
680,1,1912,1,1,0,103403.96570319065,1,3,2
593,2,1975,3,1,0,105028.04750635513,3,1,1
593,3,2012,1,0,1,80438.72172898793,3,3,2
242,1,1913,2,1,1,45201.50877116365,3,3,3
695,3,1977,3,1,1,84598.22486392599,2,2,1
546,1,1955,3,1,0,105106.17867610152,2,3,4
401,1,1974,3,1,0,91445.02606213454,1,1,5
488,1,2010,1,1,1,58075.71270318941,3,3,2
454,2,1955,1,0,1,76135.86687937244,2,3,1
494,2,1900,2,1,1,65557.9723708303,1,1,5
646,2,1918,3,0,0,118567.66657059667,1,1,3
767,2,2002,1,1,0,105119.97982863415,2,3,3
758,2,2002,1,1,0,109353.43537216436,3,1,2
462,3,1998,1,0,0,75376.57924671817,1,3,4
714,4,2009,3,0,1,94099.89584381766,2,1,2
276,1,1979,1,1,1,41995.89021492958,2,1,5
608,2,2007,2,0,0,109230.19678590365,3,1,5
646,4,1993,1,1,1,64482.874094652594,1,2,2
279,1,2016,3,1,0,72161.49887802856,3,2,4
531,2,1918,2,1,1,58951.3168264142,2,2,3
665,4,1956,2,0,1,73719.62495235233,3,1,3
166,1,1922,3,1,1,33074.94000830216,1,2,3
495,4,1931,3,0,1,77442.38306360607,1,2,1
789,2,1933,3,1,0,122972.91853448753,1,2,1
522,1,1940,1,1,1,60639.34564433642,2,3,4
342,1,1921,3,1,1,59855.96216174102,1,1,2
516,4,2020,1,0,0,94311.77094552181,1,1,4
381,4,2017,2,1,0,67000.8349268263,1,2,5
615,1,2009,1,0,0,113965.6328929192,3,1,3
607,4,1935,3,1,1,66033.35180106387,3,2,3
541,4,2002,1,1,0,76606.24973101419,2,1,3
486,4,1954,2,0,0,85293.85670977947,1,1,3
492,3,2005,2,0,1,81579.89070661212,2,1,5
521,1,1902,3,0,0,117208.85329252247,1,1,1
848,4,1930,3,0,0,131173.3488302855,1,3,4
723,4,2014,2,1,1,80723.53267354064,2,3,5
568,4,1934,2,0,0,101003.28421861766,1,3,4
451,3,1951,3,1,0,80867.29841977441,1,3,5
457,2,1958,2,0,1,79540.6790141494,2,2,2
746,3,1971,3,0,0,123505.87552446977,2,3,3
367,1,2010,3,1,1,55468.83945527132,3,1,4
407,3,1963,1,0,0,80727.38602941857,1,2,2
689,1,1921,3,1,0,115618.17576560854,3,2,1
556,4,1998,3,1,0,78780.83133354667,1,1,3
366,4,1902,2,1,0,65618.95210344405,2,3,2
451,3,1926,1,0,0,80652.66532180874,1,2,3
486,2,2004,3,0,1,93580.37900418245,3,1,1
692,4,1983,1,0,1,80307.67847192756,1,1,1
497,3,1934,2,0,1,86174.96657182276,3,1,1
492,4,1943,2,1,0,68401.46517459714,3,3,3
498,2,1980,1,0,1,71059.96615235836,3,1,1
803,3,2011,1,0,0,129117.76238461671,3,3,5
644,4,1974,3,1,0,95096.50662204993,3,3,2
506,1,1929,3,0,1,87828.59749506216,1,3,2
480,1,2006,3,1,1,72898.48689682232,2,2,5
611,4,1904,2,1,0,87622.17884981183,2,1,3
376,3,1922,1,1,1,47321.9012512871,1,2,4
443,3,1920,3,0,1,78795.19041955909,2,3,3
384,1,1936,3,1,0,87881.38124079212,3,2,5
252,1,1998,2,1,0,67915.35969210115,2,1,1
502,4,2018,1,0,1,58583.3537995341,3,1,2
424,2,1998,3,0,0,96298.32182070623,3,2,2
487,2,2016,2,1,0,84709.08166212919,1,2,2
399,1,2007,2,1,0,93029.1478034339,2,1,4
276,4,1914,1,1,1,34611.67263118181,2,1,5
569,1,1906,3,1,0,105176.84423814822,1,1,5
579,4,1920,2,1,0,73934.34883058596,1,1,1
388,3,1985,3,1,0,59973.03464022581,2,1,3
278,3,2013,1,0,0,66271.09512293892,3,2,1
759,2,1981,1,1,0,103773.64648775423,2,3,4
598,4,1903,2,1,0,87690.51010080415,2,2,2
256,4,2004,3,0,0,74798.05762462327,2,1,5
675,3,1942,2,1,0,100962.54680072478,1,3,4
187,2,1984,3,0,1,49816.930538974055,1,1,3
275,1,1973,3,0,0,81887.24840714569,1,2,5
493,3,1981,2,1,1,55616.882094787965,2,2,2
648,4,2012,3,0,1,90988.22372601293,2,2,3
589,4,1922,2,1,0,82925.10632015606,3,3,1
475,4,1931,3,1,0,78238.27091676187,3,2,2
647,4,1964,2,0,1,91353.48411170077,3,3,4
475,4,1984,1,1,0,78533.6965723186,2,2,2
276,1,1901,2,0,1,58358.024529376475,2,2,3
326,4,2009,2,0,0,75445.8792855256,3,3,2
379,1,2010,1,0,1,73361.61079756643,1,1,2
373,4,1944,3,0,1,74257.22173531592,3,2,5
839,2,1902,2,1,0,116035.07579596463,1,1,5
731,2,1914,3,1,1,91349.4551881025,2,3,5
360,4,1958,2,1,1,39461.30929901885,3,1,2
213,4,1952,3,1,0,44319.04983311392,3,3,3
404,1,1924,3,1,0,93696.74592837828,2,2,2
410,4,1961,3,1,1,63402.3088294701,3,2,3
518,3,2007,2,1,1,61039.422635733325,3,1,2
564,3,2011,3,1,0,87317.72551846485,2,3,1
558,2,1918,3,0,1,90415.1807690839,2,2,2
632,1,1945,2,0,1,106806.40926750306,3,2,2
671,2,1906,2,0,0,122850.23113914544,2,2,3
498,3,1990,3,1,1,59928.038623527755,2,2,5
448,1,1927,1,0,1,82320.17938373829,2,2,4
238,1,1973,2,0,1,63597.713059142676,2,2,3
608,3,1995,1,1,0,82400.30788304424,1,1,3
300,2,1976,3,0,1,65346.02786704372,3,1,5
593,1,2006,2,0,0,107196.14346823838,2,3,3
577,1,1978,1,0,1,81135.92965671729,3,2,3
553,4,1973,3,1,0,87199.65477629172,2,2,3
698,2,2008,3,1,1,94320.45850108977,3,2,5
772,3,1945,3,1,0,115930.84162893353,2,3,2
482,2,1910,1,1,1,54533.58898280871,2,2,1
411,4,1960,3,1,0,67525.2771811354,1,1,5
686,1,1997,1,0,1,102042.14667037163,2,1,5
549,1,1983,1,1,1,62863.557725743114,3,3,3
376,1,1957,3,1,1,58914.421606000884,2,3,4
654,2,1954,3,0,1,103412.2234026182,2,1,4
522,2,1954,3,0,1,87783.59249156185,3,3,3
535,2,1916,2,1,1,75306.82139794258,2,1,1
237,4,1978,2,1,0,49996.69402087376,3,3,3
438,2,1997,1,0,1,69422.4559700397,1,1,3
506,3,2013,1,0,1,69408.49019127779,1,1,4
557,4,2008,1,1,0,79983.40589908982,1,3,1
127,4,1938,3,0,1,38719.658968515505,3,2,5
513,4,1935,1,0,0,84754.53012660398,2,1,2
806,3,1975,1,0,1,105877.35868527638,3,1,5
696,4,1983,2,1,1,67476.33047309298,1,2,2
694,3,1918,2,1,0,97160.22127801548,1,2,5
411,4,1937,3,0,1,63508.517788774494,2,3,2
643,2,1901,1,1,0,102374.70569495247,1,3,2
530,4,1985,1,1,0,77769.82031745507,3,3,2
683,3,2008,3,0,1,105274.37706808597,3,1,4
362,2,1998,3,1,1,64065.27530132984,3,1,5
679,4,2018,2,1,0,84724.95894751487,2,1,5
538,2,1993,3,0,1,93668.66607537598,1,1,4
621,2,1919,1,1,0,91329.86053895114,2,3,4
634,3,2019,1,0,0,102035.17630112654,2,1,3
718,2,1930,3,0,0,119733.27983984495,1,3,2
588,3,1910,3,1,0,92385.95400614342,1,3,4
582,3,1953,1,0,1,80962.80725705427,2,3,4
434,4,1907,1,0,0,83009.16245574586,1,1,5
496,4,2011,2,0,1,70697.99955369133,2,3,4
393,4,1987,2,0,0,86567.47022572935,2,2,1
681,1,1971,3,1,0,111605.21641000414,2,1,4
842,1,1980,1,1,1,104529.73222755082,2,3,1
522,1,1999,3,1,1,72037.78447463593,2,1,2
409,3,1940,1,0,0,83234.6886156883,3,3,1
556,3,1916,2,0,0,104722.41693327518,1,1,1
504,2,1912,1,1,0,82350.31880548359,1,2,5
606,4,1997,1,0,1,72345.66791936765,3,2,1
304,3,1922,1,0,0,70206.277231956,3,2,1
425,3,1908,3,0,1,80412.00066044813,2,3,1
8,3,1907,2,1,0,31219.454773291818,1,1,1
620,4,1994,1,0,1,66985.16575394257,3,1,5
365,3,1915,1,1,1,38582.84940878959,3,2,4
476,3,1926,3,1,1,72796.61318074905,2,3,3
354,2,2019,1,1,1,52615.578829993225,1,1,2
461,2,1960,3,0,1,69832.98477149336,1,1,4
394,1,2001,1,0,0,87625.87276046649,3,3,1
486,2,1915,3,0,1,86264.79682285515,1,3,3
583,3,1920,3,1,1,68804.05311921528,3,2,2
253,4,1961,1,1,1,27276.469476180562,3,3,2
635,4,1934,1,1,0,82421.05855117523,3,1,1
651,1,2018,2,1,0,98945.13994280431,2,1,1
552,4,1972,2,0,0,100079.65276331181,3,3,5
349,2,1912,2,0,1,69394.70685094153,3,2,3
763,1,1941,2,1,1,83934.41891071537,2,1,2
368,3,1929,1,1,1,36626.49216356781,3,2,5
503,4,1918,3,0,1,74180.15235979499,2,2,2
647,3,1973,3,0,0,114565.3783194781,1,3,5
540,1,1943,2,0,0,107518.13148553213,2,2,1
432,2,1986,2,0,0,94281.1616260645,1,2,1
429,2,1988,1,1,0,72330.90946201261,1,1,3
482,1,1967,2,1,1,74187.89637790821,2,3,2
516,1,1912,2,0,0,108585.46173417733,1,3,1
489,2,1991,2,1,1,69129.04637056732,2,2,1
481,4,1932,1,1,1,43486.33871482964,2,1,3
85,4,1924,3,0,0,53292.12567591666,2,1,2
400,1,1996,1,1,1,60626.32095118456,1,2,5
613,4,1902,1,1,1,65420.09314261919,2,1,1
693,3,1968,1,0,1,85143.99922228209,2,1,2
469,2,1933,3,1,0,83492.82176917237,1,1,4
432,1,1943,2,1,1,64059.90433259336,2,2,3
249,3,1916,1,1,1,39354.39689672967,2,3,5
483,2,1991,3,1,1,75549.23224021896,1,1,3
328,3,1926,2,1,0,59152.58746447912,2,3,3
297,3,1917,1,1,0,48376.099869076694,3,3,4
548,4,1978,3,0,1,82488.08637972934,1,2,4
445,4,1976,1,1,1,51988.196064998476,1,3,3
441,3,1919,2,1,1,57782.550809602195,3,1,3
431,3,1944,3,0,1,75040.64762221173,1,3,5
444,1,1947,3,0,1,69201.60272778085,1,3,3
804,2,1964,1,0,0,134845.52519596845,2,2,2
409,2,1960,1,0,0,90957.36481717901,2,1,3
488,4,2015,3,1,0,77503.6631688422,2,3,5
554,1,1931,1,0,1,92493.07990181513,1,1,1
558,2,1996,1,0,1,78860.2147252846,3,3,1
731,4,1958,1,0,1,77321.87486834661,2,3,1
512,1,1904,1,0,1,83493.17539452208,1,2,3
380,3,1907,3,1,1,49923.37589993825,2,1,3
532,1,1900,1,1,1,73412.33919040265,1,2,4
1065,4,1967,2,1,0,136999.74852402625,2,3,2
529,1,1931,3,1,0,89294.10280666745,1,2,1
471,2,2001,3,1,1,63616.2893081186,3,2,3
783,4,1942,3,0,0,130506.76025684495,1,3,3
697,2,1939,2,1,1,85000.22065492877,1,3,1
496,2,1973,1,0,0,90096.12306294532,3,1,2
442,3,2010,2,0,1,71526.24849994782,2,2,5
451,1,2009,2,1,0,80044.28080271618,3,3,4
295,4,1971,1,1,1,28427.774773363715,2,2,4
631,1,1954,1,1,1,78537.97227485217,2,3,1
686,4,1993,3,0,0,120016.83513419126,3,3,2
555,1,1928,3,0,0,110948.83431908497,2,1,5
564,3,1993,2,0,1,91041.8468262847,1,2,1
204,2,1993,2,0,1,48057.97779561177,2,2,5
671,4,1910,3,0,0,111348.27621064971,2,3,2
475,3,1966,3,1,1,70689.98643587649,1,3,5
184,4,2008,1,0,1,30930.704051972607,1,3,4
678,4,1942,1,0,0,106030.79606395456,1,2,2
516,3,1982,1,1,1,57386.830980261315,3,2,2
542,2,1947,2,0,1,73543.05729120132,1,1,2
583,3,1911,1,0,1,76237.0602224543,2,2,4
374,1,1906,3,1,0,87297.14703539832,1,2,3
623,1,1970,3,1,0,99302.56075699274,3,2,5
506,2,1951,2,0,0,101564.19555494914,1,1,1
465,3,1944,2,1,0,73673.87930727651,2,3,4
529,2,1926,1,1,0,87387.60274359054,3,1,2
618,1,1948,2,0,1,101401.30690125613,2,2,5
356,2,1927,3,0,0,85657.95959543381,2,3,5
377,2,1964,1,1,0,68677.00885562175,2,3,4
423,3,1914,3,1,0,74704.71265689198,1,1,3
552,1,1940,1,0,1,90662.81484356856,3,2,5
330,1,1977,1,0,1,55856.90069484697,3,2,5
359,3,1993,1,0,0,76188.06816682528,3,1,2
600,2,1939,3,1,0,97682.17427671845,3,3,4
548,2,1901,1,1,0,83904.61526784803,3,3,5
641,1,1915,2,0,1,106911.59004065677,1,2,4
364,4,1973,2,1,1,49359.00195168461,2,3,2
389,4,1942,1,1,0,58087.018889812556,2,1,3
190,1,1932,2,1,0,68148.54376240991,3,1,2
403,2,1943,3,1,1,54969.18440697049,2,2,2
672,1,1995,2,1,1,83982.16868474179,3,1,4
726,3,1998,3,0,0,127884.90405124097,3,1,4
589,3,1991,1,0,1,77818.79073825013,3,1,3
424,2,1937,3,0,0,103190.59750787335,1,1,5
584,2,1994,1,1,1,67208.5241860189,3,3,2
495,2,2013,1,1,0,86448.43182017113,1,3,3
206,3,1995,1,0,1,27184.79641090468,2,2,1
559,1,1910,3,0,0,120671.5768379382,3,3,5
322,4,1952,1,0,1,53885.16289608498,3,1,2
463,4,1988,1,1,0,67580.14292087774,1,1,1
523,4,1944,2,1,0,82957.26394076394,3,3,2
455,4,1985,3,1,1,53857.37914292212,3,1,1
658,1,1935,3,0,0,128643.58746973207,3,3,5
689,4,1951,2,0,0,111291.6190372953,2,3,1
563,4,1989,3,0,1,79364.00403345197,2,1,1
910,1,1956,1,1,1,100276.83327956231,1,3,1
680,1,1968,1,0,0,122269.21793063731,3,2,2
689,4,1935,3,1,1,80777.89513117369,1,1,1
124,1,2000,1,0,1,41474.21708890218,1,1,1
622,2,2004,3,1,0,97873.9381660804,3,3,4
572,2,1920,3,1,1,74702.70363400609,3,1,5
472,1,2000,3,0,0,109223.53473541512,1,3,5
703,1,1978,2,0,0,131679.46152783302,2,3,2
326,2,1981,2,0,1,63157.33690513375,2,2,5
252,1,1975,2,1,0,66551.6898665458,2,2,3
584,2,2020,1,0,0,109759.33633693805,1,3,3
412,1,2010,2,1,1,55556.47372794408,3,3,4
754,3,1967,1,1,1,80007.21434767751,3,2,3
601,2,1969,1,1,0,91859.29419059474,3,1,1
744,4,1916,3,0,0,118413.7198799053,1,3,2
721,3,1905,1,1,1,84439.08711400702,2,2,5
518,2,1947,3,0,0,99299.67531179087,1,1,4
234,1,1939,1,1,1,35427.23771830763,2,1,1
551,4,1936,3,0,0,103354.67086384994,2,2,4
217,3,1926,1,0,1,39238.457574886,2,1,5
545,1,1918,1,0,0,104212.66693923192,2,1,5
719,3,1900,1,1,0,87678.38124405345,2,2,4
374,1,1920,1,0,1,58824.22113665836,1,1,1
295,2,2009,2,1,1,58208.63637866403,3,2,3
573,2,2000,3,1,0,102478.5769070797,1,1,4
482,3,2007,3,0,0,97299.7292010115,2,2,5
468,4,1932,1,0,1,60857.914241618906,3,2,1
875,2,2002,1,1,0,113864.16629012584,3,1,5
769,1,1965,3,0,0,132493.48908153694,3,1,4
367,3,1993,1,0,0,80478.61584947546,1,2,3
665,3,1929,1,1,0,93189.65802076491,2,1,4
536,1,1998,3,0,1,101716.87878904596,2,1,5
617,1,1983,1,1,0,105135.8929547144,3,1,3
483,3,2009,1,0,0,86377.51781645924,1,2,4
533,1,2002,3,1,0,100428.62024046786,2,3,2
732,3,1916,3,0,1,108800.48990745508,2,1,3
599,3,1959,3,1,0,99942.80214900742,3,3,3
530,4,1970,1,1,1,55927.81698195422,3,1,1
609,4,1995,2,0,0,111818.11565112747,3,2,1
469,2,1921,2,1,1,63720.921275111665,2,1,3
478,1,1906,3,0,1,89909.91494889166,1,1,1
690,1,2010,3,0,1,112549.84143034117,3,3,5
392,1,1938,3,1,0,82217.88957561199,2,2,2
540,3,1928,3,1,1,70599.06112937686,1,3,1
466,1,1988,3,1,1,62395.44804279427,2,3,1
455,4,1973,2,0,0,81813.10616119271,3,3,2
605,2,2019,2,1,0,95826.473258724,2,2,1
656,3,1996,1,1,1,72514.98691636216,3,1,4
634,3,2012,3,1,1,78705.25911469891,1,3,1
499,3,1923,3,0,0,96963.17525340672,1,3,3
580,1,1940,3,0,0,116378.38325954365,2,3,2
658,1,1928,3,1,1,98684.72558726938,3,2,4
623,4,1908,2,1,1,80621.58529894793,1,1,4
356,2,1919,3,0,1,74075.69748226249,2,1,1
574,3,2013,1,0,0,90785.31156449977,1,3,2
492,3,1972,3,1,1,65667.77042916616,2,1,2
573,1,1941,2,0,0,115535.75480630677,1,2,4
448,4,1966,2,0,0,83007.57141746549,3,3,1
546,4,1943,3,0,1,75227.47590047655,1,1,5
535,2,2009,3,1,0,85037.1242024919,3,2,3
218,1,2014,1,1,0,56323.930773606415,2,1,4
666,2,1999,1,1,0,99766.0071553456,2,2,2
865,3,1937,1,0,0,125839.26982613746,3,3,5
412,4,1932,1,0,0,84732.23157048317,3,1,2
901,2,1999,2,1,0,130364.71215022201,1,1,4
646,1,1979,2,1,1,86364.43659248034,2,1,3
537,4,2000,2,1,1,58552.62485028663,2,2,3
618,2,1993,2,0,1,84721.32190862531,1,3,4
391,1,1929,2,0,0,96926.93071256111,2,3,3
494,3,1907,2,0,0,88553.22607143712,3,2,4
796,4,1935,2,1,0,105545.87370051764,1,2,2
550,4,1977,2,1,0,79955.85887884995,3,3,2
580,1,1926,1,1,1,77479.22845169868,2,2,4
471,3,1996,1,0,1,64240.997598264556,1,1,5
497,4,1902,2,1,1,63029.453101051215,2,1,5
680,3,1920,2,0,0,109983.5089787576,3,3,3
717,4,1969,3,1,1,82530.29986199852,2,1,5
495,4,1945,3,0,0,94387.76258802842,3,1,5
282,4,1909,1,0,1,51622.11873025583,2,2,5
417,3,1903,2,1,0,68626.26515251999,2,3,1
208,2,1936,3,1,1,47733.203034805985,1,1,4
560,2,2018,1,0,1,95934.70329294712,3,2,1
700,3,1976,3,1,0,111502.64509859022,2,2,4
223,1,1900,1,1,1,43049.399904379956,3,2,3
529,2,1910,2,1,0,92148.40968869007,1,1,5
483,1,1951,3,0,1,90090.10631037934,1,1,3
513,4,1928,1,1,0,77269.29400697548,3,2,4
405,4,1918,2,0,1,62035.4767982122,1,3,3
495,2,1982,1,0,1,75250.248276577,2,1,2
596,3,1929,1,1,0,82398.93489686048,3,1,1
366,4,1912,3,0,0,83532.77850847154,2,2,4
435,3,2017,2,1,0,76025.00246219801,2,3,1
520,1,1925,1,1,1,63744.76065902885,3,1,5
510,3,1989,2,1,1,66615.43408721032,3,1,3
756,3,1923,1,1,1,83838.92435932516,3,2,4
677,2,2004,3,1,1,88650.35799844716,3,3,1
488,4,1935,1,0,0,95765.32000908669,1,1,1
403,4,1925,2,1,0,55141.90959843657,3,1,4
636,2,1979,2,0,1,97538.90000744298,2,2,2
469,4,1962,1,1,1,43967.21707194985,2,1,1
635,1,2020,3,1,0,110743.42957360132,1,1,2
638,1,2001,2,0,1,98365.59567814483,2,1,5
487,2,1974,2,0,0,105717.8547079339,2,2,1
482,2,1993,3,1,1,68912.78461174465,3,2,4
554,2,2000,2,1,0,97090.48673618796,1,2,4
388,3,1993,3,0,1,59628.197689866094,3,2,1
573,4,1903,3,0,1,89791.24067124593,1,3,4
405,2,1988,1,0,1,62512.56061253247,2,1,3
643,2,1909,1,0,0,111526.29026754957,3,2,2
463,1,1987,3,1,0,92610.73264091427,1,1,3
415,3,1960,3,0,1,68701.4363865189,3,1,2
442,1,1926,2,1,1,63171.6249231793,2,2,4
351,4,1992,3,1,1,50374.84321540412,1,2,5
255,4,1965,2,0,0,63325.10868438992,2,2,2
539,3,1938,1,0,0,96080.36655763104,2,1,1
458,1,2019,3,0,0,111165.93717147807,3,1,3
632,3,2011,3,0,1,93252.31949800388,1,1,5
752,3,1983,3,1,0,110556.20080586158,3,3,1
518,4,1943,3,1,0,95842.8859306646,2,2,1
364,2,1968,1,0,0,84518.97195420497,2,2,5
645,1,1991,1,1,1,82233.83328877127,2,1,3
591,2,1994,1,1,0,97806.03855827043,3,2,1
411,1,1968,3,0,0,101848.62239420171,1,2,5
433,2,1973,1,0,1,71056.85271816507,3,2,4
806,3,1957,2,0,1,96251.57362769463,3,3,5
344,2,2017,3,1,0,69910.56519528294,3,1,5
706,1,1955,3,0,0,128630.348803435,1,1,4
94,4,1913,2,1,1,14476.219879200624,1,2,5
482,1,1971,2,0,1,84935.74854001722,1,2,2
677,2,1922,3,1,1,87039.05292435472,1,2,5
604,2,1932,3,1,0,100323.82308988838,1,1,5
795,4,1930,3,1,0,115644.41585654099,1,2,5
656,3,1942,1,0,0,103844.97731365886,2,3,2
299,2,1921,2,1,1,39660.39993755853,2,3,4
460,2,1902,2,0,0,91601.70570948404,2,2,5
514,1,2014,3,0,1,88983.59707540904,3,2,1
503,2,1961,2,0,1,87486.01814601342,1,2,5
433,1,1981,2,1,1,72584.70587310419,2,1,5
491,3,1916,3,0,0,105179.51543316727,1,1,5
650,3,1953,1,0,1,88892.21205317172,3,1,4
318,2,1961,1,0,0,75379.62287542465,2,3,4
645,1,1911,1,1,1,78893.84264661287,1,1,5
246,3,1989,2,0,0,75293.86818757044,3,3,1
650,2,1932,2,0,0,121945.7647461612,1,3,3
528,2,1955,3,0,1,92397.76140176925,2,3,2
696,4,1943,2,1,0,102099.76334079125,1,1,4
398,3,2001,3,0,0,97466.22400753129,2,2,5
467,1,1922,3,1,0,95485.63959263514,3,3,3
737,1,1962,3,0,0,134291.76305612928,1,2,5
610,2,1955,2,1,1,76959.98573018397,2,3,3
644,4,1937,1,0,0,95741.90550457209,1,2,5
721,1,2020,3,0,0,132633.44396942854,3,3,1
360,1,1943,2,0,0,94489.39267036806,2,3,5
419,2,2013,1,0,0,86105.40274676924,2,3,5
505,3,2004,2,1,1,61923.09540765122,1,1,2
446,4,2013,2,1,0,67270.71698063996,2,1,5
316,1,1986,3,1,0,77286.73487816328,3,1,3
599,3,1996,2,0,1,81451.55731843937,3,2,1
777,3,1957,1,1,1,83018.62179734207,2,3,3
475,3,1998,2,1,1,58829.71565480719,2,2,5
430,3,2002,3,0,0,100664.06547882262,3,2,3
476,3,2015,3,1,0,93594.57582849938,1,3,2
319,1,1962,1,0,1,68226.71501826322,1,2,2
295,2,1912,3,0,1,63616.64782767038,3,1,3
423,1,2010,1,0,0,89694.05526679251,2,3,3
619,4,1961,1,0,0,95770.99674975846,2,3,5
727,3,1908,2,1,1,82141.4544592309,3,1,4
423,1,1945,1,1,0,82940.34406828307,2,3,1
472,1,1987,3,0,1,81752.99044994552,2,2,2
608,1,1982,1,0,1,93421.72086004847,1,2,4
645,2,1908,2,1,1,86659.94734933511,3,2,3
521,4,1977,1,1,1,48873.52651296803,3,1,2
611,2,1906,1,1,1,81016.41630066436,1,1,4
587,1,1986,1,0,1,87228.88039234214,3,1,3
683,2,1990,1,0,0,110461.97333736693,2,1,5
252,4,1910,1,1,1,21931.29357365881,3,3,5
427,3,2004,2,0,1,71071.72429020113,3,3,5
409,3,1995,1,1,1,48666.99644973992,1,2,2
409,2,2000,1,1,0,66551.05638556997,3,3,4
495,2,1937,3,1,0,97836.48704275764,2,1,3
523,1,1911,2,1,0,91029.01781829626,3,3,2
578,2,1904,3,1,0,99060.5439975974,2,2,3
394,4,1915,1,1,1,42256.77821827386,1,1,1
341,4,2004,3,0,1,63378.233861155175,1,3,5
421,4,1947,1,0,1,59026.69459675358,2,1,1
507,2,1975,3,0,1,82983.56098186388,1,1,5
468,4,2004,1,1,0,65483.73535284863,3,2,1
634,4,1983,1,0,0,102989.79515671411,1,3,3
905,1,2004,3,1,0,134662.05690101648,2,3,1
227,4,2018,1,1,1,30728.124369063902,3,2,5
555,4,2013,1,0,0,95330.78054853805,1,3,2
488,2,1928,3,0,1,90001.489110319,1,2,5
376,2,1960,1,0,0,78517.14612676325,1,3,2
782,4,1976,3,1,0,109512.70885788565,1,1,4
406,1,2001,2,1,0,77248.62348375276,3,2,3
392,3,1927,1,0,1,61898.860265273885,2,2,4
573,4,1972,1,1,1,53512.94271789145,1,1,3
249,2,1961,3,1,1,42802.530703299555,2,1,3
575,1,2016,2,0,0,115335.65779625972,2,1,4
575,3,1988,1,1,1,63875.69173538712,3,3,1
298,4,1970,1,1,0,43637.64440981479,3,2,3
496,2,1925,2,0,1,82885.36850589683,1,2,5
606,3,1969,3,1,1,78075.52082183298,3,3,1
578,4,2019,2,1,0,80278.88575787915,1,1,2
338,1,1970,1,0,1,57282.51734295039,3,1,4
594,4,1937,2,1,1,64873.1434392965,3,3,2
425,1,2012,1,1,1,64783.60774876052,3,2,5
592,2,2002,2,1,0,92285.61185988538,2,2,4
526,3,1931,2,1,1,73023.26272079129,3,1,3
552,2,1994,2,1,1,69948.17057324309,2,3,4
397,4,1991,1,0,0,68256.08177133882,3,2,5
344,1,1996,1,0,0,89561.2712917052,2,3,5
674,2,1900,2,1,1,100716.23340161402,2,3,2
443,1,1954,2,1,0,88602.03661066551,2,1,1
636,2,1906,3,0,0,113422.61465123895,2,3,5
531,4,1938,3,0,0,93469.89475396293,1,1,5
545,4,1947,1,1,0,77290.93462932164,3,3,1
270,1,1944,3,0,1,74071.01694768877,3,2,3
553,1,1970,3,1,0,103877.489695509,2,3,3
459,1,2019,1,0,0,103256.80090165815,2,2,5
688,4,1982,3,1,0,94864.47599661729,1,2,2
544,3,1977,2,0,1,85285.51742552943,1,3,2
351,2,2008,1,1,0,63860.58847113612,3,3,4
497,1,2015,3,0,1,91599.89274251024,2,2,1
445,3,1930,1,1,1,55178.02146142498,1,3,1
663,1,1976,1,0,1,94978.23583247385,1,2,1
667,3,2012,1,0,1,84530.48401386508,3,3,5
534,3,2010,1,0,0,94179.874180611,2,2,4
499,4,1998,3,0,0,108257.84532158035,3,2,1
677,1,1999,2,1,1,87109.83554827177,1,1,1
624,1,1979,1,0,1,100838.08280036096,2,1,1
661,1,1959,3,1,1,81261.38332322447,1,3,2
740,4,1950,3,0,1,99013.49274624966,3,3,1
430,2,1970,1,0,0,76393.76373919674,3,1,5
685,3,1913,2,0,0,124554.00182479332,3,1,3
551,2,1972,3,1,0,92786.63153090616,1,3,1
723,4,1951,1,0,0,110494.29293255998,1,3,4
412,4,1985,2,1,1,44155.85618815316,3,1,5
682,2,1927,2,0,0,119980.92427203788,2,1,5
645,4,2001,3,1,0,93038.44322021602,1,1,1
325,1,1903,3,0,1,69023.31491841459,3,2,5
615,4,1939,2,1,0,93077.25330062673,3,2,3
774,2,1917,1,0,0,120465.20747163163,1,3,3
541,3,1929,3,1,0,87951.07641331684,2,1,2
582,4,1935,2,1,0,78858.79772253972,3,2,2
616,4,1902,1,0,0,93891.23097290746,1,1,3
492,1,1984,1,0,1,80659.68910448253,3,2,5
480,2,1955,3,0,0,104111.92942262806,3,2,2
231,4,1917,1,1,0,45127.64238488141,3,2,4
686,4,1985,3,1,0,102848.55173604716,2,1,1
269,4,1900,3,0,0,76008.5293207762,1,1,3
491,2,1972,3,0,0,112171.88001094687,2,2,1
464,2,2002,2,1,0,84848.18927768672,1,3,1
677,1,2001,3,0,0,122188.62353497739,3,3,4
513,3,1934,3,1,1,70657.23377081948,2,3,4
472,1,1976,3,1,1,69183.34584009832,2,1,1
518,2,1937,3,0,0,102681.71116691254,2,1,2
806,4,1901,2,0,1,98993.76251435271,1,1,3
602,3,2002,2,1,0,89850.33610980723,3,3,4
505,4,1978,3,1,1,50038.45404432937,1,3,2
604,2,1997,2,1,1,70536.30946889624,1,1,5
787,4,1944,1,0,0,109461.49456986996,2,3,2
565,1,1902,1,0,1,86855.06299907807,2,2,3
314,2,1950,2,1,1,49442.5491809638,3,2,3
429,1,1983,3,0,0,109792.15155420853,2,1,4
430,3,2014,1,1,1,40324.0883100649,3,1,1
442,4,1900,2,1,0,66673.18761622418,2,2,4
448,2,1985,3,1,0,82546.52192713151,1,2,4
411,4,1944,2,1,0,65880.09286431006,3,3,2
726,4,1983,3,1,0,103761.39530301238,3,1,2
646,2,1941,3,1,1,85574.36946350036,2,2,4
447,3,1968,2,1,1,57680.16286926442,3,1,3
688,4,2005,3,1,1,78149.17281769271,2,2,5
594,2,1928,1,1,0,80746.31640105182,2,3,5
607,3,1993,3,0,1,88102.15764471958,3,2,5
216,4,1958,3,0,1,50986.001172603144,1,2,3
570,1,1998,3,1,1,84150.42939174741,1,3,5
323,3,1985,1,0,1,50413.375362598454,2,2,2
601,1,1974,2,1,0,102547.55292312651,2,1,1
680,2,1977,3,1,1,94712.122126472,2,2,3
496,4,1951,1,0,0,84412.24662669339,1,3,4
387,3,1945,3,1,1,63576.90211691653,3,1,4
449,4,1970,3,0,1,73819.71918527047,1,2,1
467,1,1946,2,1,0,84285.10880408343,1,3,4
656,4,1964,2,0,0,106113.935341913,3,2,5
489,3,1970,1,1,0,84326.3231085717,2,2,5
720,1,1917,3,1,0,116016.08993331618,2,1,4
441,3,1997,2,0,0,91017.44782605905,3,2,4
496,3,1965,2,0,0,93538.09670795227,1,1,2
429,2,1962,2,1,1,55660.12213991662,2,3,4
189,1,1947,1,1,0,65464.283348290184,2,1,1
363,3,1994,2,0,0,81909.1035255837,2,3,2
772,1,1912,2,1,1,96813.90006459641,3,2,4
375,2,1920,3,0,0,93997.63572144807,1,2,4
613,4,1912,2,1,0,86018.16405648581,3,1,2
414,1,1912,3,1,0,85939.54638432161,3,2,2
232,4,1926,3,0,0,67830.21331405175,3,1,1
623,1,1980,3,1,1,90742.72238759059,2,3,3
708,4,1944,2,0,1,94592.19152679232,3,1,3
301,3,1947,2,1,0,67118.95767813516,2,3,4
659,1,1966,3,0,1,103345.24656413197,3,1,1
562,4,1922,2,0,1,69661.5313614224,1,1,3
528,3,1929,1,1,1,59441.63900840645,2,2,1
486,2,1994,3,1,0,80743.68092205544,1,3,4
572,1,1918,1,1,0,87282.00477937817,3,2,2
366,4,1922,3,0,1,69399.0097820603,2,3,3
369,4,1961,1,1,0,54045.16799471971,3,1,2
365,4,1924,2,1,1,41871.56339080073,2,2,5
254,4,1924,1,1,1,28439.341560627534,2,3,3
567,2,2007,1,1,1,61486.8102487904,3,1,5
496,2,2001,1,0,0,93066.46744757943,2,1,3
135,3,1934,2,0,1,46255.22415795789,2,3,5
571,3,1928,3,0,1,90060.68019384335,3,3,3
408,3,1963,2,0,1,67504.49869437139,1,1,3
458,4,2014,2,1,1,51143.599391898126,3,3,5
945,1,1947,1,1,0,135384.7883434503,1,2,2
275,3,2001,3,0,0,79984.5439389968,2,3,3
392,1,2000,1,1,1,52507.73677215932,3,1,5
346,4,2008,2,0,1,54730.65588193794,1,2,1
570,3,1968,3,0,1,93150.37175140776,2,3,4
642,4,1906,2,1,1,70173.26359161934,1,1,4
589,2,1970,3,1,0,96199.22845233578,1,2,4
518,4,1958,2,0,1,64369.48128116056,1,2,1
447,2,1941,2,1,1,60914.43003173757,2,1,3
402,3,1965,2,1,0,69207.10147062213,2,2,4
478,3,1907,3,1,1,78280.63198281868,3,3,4
449,1,1918,1,0,1,81592.76645703937,2,1,2
513,4,2006,3,0,0,98314.83518147968,3,2,5
749,3,1914,1,1,1,83944.40156122432,1,3,5
550,3,2012,1,1,0,82054.93284584321,1,1,4
831,1,1917,1,0,0,132627.66335261555,2,2,4
594,1,1908,3,1,1,82741.55160751994,2,2,1
666,2,2015,2,1,1,75240.04423820936,1,3,1
661,4,1988,1,0,0,100700.06588585611,1,2,5
535,1,1967,2,1,1,71490.24239382739,3,3,4
456,1,1923,1,1,0,82776.44384342669,1,2,4
582,1,1953,1,0,1,90533.48690671385,2,3,2
466,4,1953,1,1,1,54103.163153932575,1,2,2
355,3,1983,3,0,1,69273.40316576649,1,2,2
626,3,1975,3,1,0,99423.84370885168,3,3,5
387,4,1944,3,1,0,72417.68197841606,2,2,5
493,4,1913,1,1,0,76918.47838507651,1,2,4
495,4,1981,1,1,1,41900.54264086733,1,2,1
515,3,1994,1,0,1,72521.00925983547,2,2,1
206,1,1967,2,0,0,78922.98423987468,3,1,1
189,4,1987,3,0,1,44917.574752631044,1,1,4
517,3,1968,1,0,0,102091.48245957955,2,3,2
403,2,1900,1,0,1,71534.61659086037,3,3,5
459,3,1907,2,0,0,91590.7975188295,2,2,2
513,3,1902,2,0,1,75710.55559972502,2,1,5
468,2,1917,2,1,0,82288.37816691773,2,1,5
397,2,1952,1,0,0,84948.57109949942,3,1,1
140,3,1971,2,1,0,48495.58366591031,2,1,5
743,3,1946,2,1,0,105340.53208549733,1,3,1
543,3,1954,2,0,1,74416.61332102345,2,3,3
594,4,1989,1,0,0,96958.02083978114,1,3,1
772,1,1956,2,0,1,108034.14642263768,2,2,4
523,1,1956,3,1,0,101058.99128082646,2,2,4
425,1,1970,3,1,0,81513.46892337456,2,2,4
425,2,1995,3,0,1,79631.79000766839,2,2,1
531,2,1941,3,0,1,85724.66843522755,2,2,4
437,4,1968,1,1,0,70951.20125387431,2,1,4
523,4,1927,2,0,1,74545.29218474559,3,3,2
315,3,1970,2,0,0,75078.41399267768,3,3,2
451,4,1970,2,0,0,89390.00048153644,2,1,1
417,3,1915,2,0,0,92009.9790072076,2,1,4
422,2,2013,1,0,1,71909.27372478963,2,1,1
256,1,1998,2,0,1,63294.38634962859,2,3,2
475,4,1977,2,1,0,74340.27243034155,1,2,4
578,4,1935,2,0,0,106060.32101481222,3,2,5
503,3,1906,1,0,0,86530.47546466893,2,2,2
683,2,1997,2,0,0,112705.2950506185,3,2,2
578,4,1951,3,1,0,90953.50311088217,2,2,4
385,3,1918,3,1,1,55647.74437948302,2,3,5
477,1,1978,1,0,0,100366.03875208073,3,2,5
346,3,1941,1,1,0,64514.041896451425,2,1,1
304,2,1957,2,0,1,58615.15791663191,3,1,2
361,4,1912,1,0,1,46854.14124028584,2,1,3
536,3,1984,1,1,0,84725.94388703273,1,2,1
433,4,1921,1,0,0,75190.98233233897,1,1,2
454,1,2000,3,0,0,99506.82878074479,1,3,5
376,4,1971,3,1,0,68569.11109248138,2,1,4
638,1,1926,1,0,1,94382.33681351735,1,2,1
224,3,1941,3,0,0,79397.40846443299,1,2,1
430,3,1939,3,0,1,72890.66056050432,3,1,2
656,3,1969,1,1,0,100597.87552105801,2,3,4
621,2,1976,3,0,1,98592.22221502484,2,1,1
476,2,1911,1,0,1,76221.98606651087,3,2,5
427,2,1950,1,0,1,64675.56156347537,1,2,5
851,3,2005,3,0,0,147215.5184189553,1,1,3
563,4,1968,2,1,0,78529.27620059735,3,1,5
715,4,2000,1,0,0,109680.56021692816,2,1,5
469,1,1925,1,0,1,67053.00178050122,2,3,2
494,1,1945,2,1,0,94647.55450835441,2,2,4
462,1,1997,1,0,1,69398.46640412208,1,3,3
646,3,1939,3,0,1,97406.52017976627,2,2,1
212,1,1904,1,0,0,75824.1070135658,2,1,4
606,2,1997,1,0,1,93274.1587041758,1,2,2
511,3,1913,2,1,0,74430.38109723806,1,2,5
511,3,1903,3,0,1,73382.29768893923,2,1,1
586,1,1927,2,1,0,92285.45525700915,1,3,2
446,1,1953,2,0,1,80853.66992275235,1,1,5
405,2,1985,3,1,1,60398.05699681765,3,3,1
430,3,1941,1,0,0,87596.44525051174,3,1,4
637,1,1999,3,0,0,130828.84893161307,2,1,5
442,4,1928,1,1,0,66330.16577831368,1,1,4
605,1,1993,2,0,1,98779.259751527,3,1,3
284,1,1902,3,1,0,75907.57536303924,2,3,3
394,2,1980,1,1,0,74747.57120083971,1,2,1
788,4,1954,3,1,1,84154.98240798179,1,3,4
595,3,1998,3,1,0,94169.57075965885,3,1,5
538,2,1978,3,1,1,76143.80339897907,3,1,3
599,4,1978,2,0,0,98539.47416693099,3,1,2
501,2,2016,3,0,1,86261.27190729175,2,3,1
436,2,1900,2,1,0,84632.03580167562,3,2,1
508,1,1935,3,0,0,117088.64612396424,1,2,5
447,1,2013,3,0,1,82701.42589092246,2,3,2
477,2,1947,2,0,0,98564.04465035509,1,1,3
602,1,1920,2,1,0,108381.9888054824,1,2,2
459,4,1955,3,0,1,63053.17236996878,3,3,2
500,1,1939,3,0,0,110300.03939192547,3,1,2
356,4,2001,1,1,0,60741.95519303321,2,2,4
416,4,1951,2,1,0,65595.15545078534,2,3,1
828,2,1978,2,0,0,140128.6591624885,1,1,3
343,2,1928,2,1,1,55799.83439729419,2,1,2
553,1,1932,1,0,0,105689.17534634711,3,1,3
363,1,2016,3,1,1,61816.00401119284,1,3,3
522,4,1974,3,0,1,82778.88121204634,3,3,1
554,3,2015,3,1,1,77336.58776292411,3,2,5
566,2,1989,1,1,1,70953.51837349092,2,2,4
248,2,1934,2,1,0,57120.77055411307,2,3,4
576,2,1918,1,0,1,82190.74537476175,3,2,4
602,1,1995,1,1,1,73221.02162152348,1,3,4
567,2,1911,3,0,1,87962.38465397683,2,2,2
584,2,1934,1,0,1,84855.35547929622,2,1,2
671,3,1939,1,0,1,83584.6671874605,2,3,5
656,1,1935,1,0,1,100384.35748037559,3,1,5
552,1,1941,1,0,0,108052.45973997972,3,1,1
477,4,1991,1,0,1,61926.87411203156,1,1,1
367,1,1969,1,0,0,76746.91803547788,3,1,3
15,1,1977,2,1,1,11997.2046533721,3,1,1
618,3,1914,3,1,0,103915.25522232537,2,3,3
604,2,1972,3,0,0,116917.89411469088,3,3,5
509,2,1967,2,0,0,96488.2709597669,1,1,1
650,4,1905,1,0,1,86199.62522995574,1,2,1
396,2,2003,2,1,0,73275.07371242877,3,2,3
592,2,1953,1,1,1,80028.29205256997,2,3,3
409,2,1993,2,1,0,75561.38390606835,2,1,4
616,1,2015,2,0,1,94868.36798635987,1,2,3
631,1,1903,2,1,1,81538.78634630093,1,3,5
386,4,1906,1,1,0,55336.61556328795,1,1,2
555,1,1938,1,1,0,88711.47955801873,3,2,4
616,2,1909,3,1,0,110823.34175087296,2,3,4
314,4,1988,3,0,1,62778.615223276465,2,3,4
551,2,1922,2,0,0,108889.93550460562,3,1,2
433,1,2000,1,0,1,75075.03275523041,1,3,1
318,3,1929,1,1,0,52901.26463631281,3,2,5
384,3,1924,2,1,1,50200.60793383814,1,2,1
536,3,2000,2,1,0,85818.34979152976,3,2,3
530,1,1951,1,1,1,60266.45141812982,1,2,2
625,2,2019,3,0,1,98321.73605781008,3,3,1
443,2,2006,2,1,0,79512.99011201753,1,3,3
422,1,1900,1,0,0,87867.17964825261,2,3,3
646,2,1978,1,0,1,87251.13804819837,3,3,4
469,4,1938,3,0,0,86193.26271530148,3,1,3
624,2,1971,1,1,1,76131.3951344978,3,3,4
429,1,1912,3,0,0,103181.40706874561,2,3,3
472,4,1902,1,1,0,73148.32447651608,2,3,2
608,4,1942,1,1,0,75048.85200637103,2,2,5
761,4,1986,2,1,1,77606.76649430947,1,3,5
377,2,1933,2,1,0,69747.29805809542,3,2,1
310,2,1968,1,0,0,75521.76334328396,3,1,1
444,1,1912,1,0,0,99888.69959445362,3,2,3
457,4,1989,2,0,1,67345.343758911,3,3,2
244,2,1967,2,1,0,58708.693768412304,1,2,4
86,4,1999,2,1,1,11888.749913804717,1,2,5
502,4,1981,2,0,0,94967.09534721704,1,1,4
358,4,2017,2,0,0,70971.4059424873,1,1,5
256,1,1947,3,1,1,45676.17158927344,2,3,3
456,2,2018,3,0,0,104742.04947646013,1,3,4
309,1,1902,1,0,0,84574.37936538323,2,1,1
281,4,1932,2,0,1,48357.84143527229,1,2,1
266,4,1944,3,1,1,32024.273193134635,3,2,5
662,1,1906,3,1,0,116221.72066051596,1,1,4
630,3,1960,2,1,1,65800.9436720112,2,1,4
454,1,1982,2,0,1,85057.13675017991,2,2,4
419,4,1921,3,1,0,71261.20055029253,2,1,3
333,3,2014,3,0,0,81076.95682330913,2,3,3
545,2,1974,1,1,1,64554.841271774654,2,3,1
160,4,2018,2,1,1,28638.165259167232,1,3,5
580,1,1952,3,0,1,91014.61650375156,3,1,1
554,2,1957,1,1,1,74254.87179341116,3,2,3
471,2,1922,2,1,0,76188.83810467715,1,1,3
230,3,1993,1,0,1,46350.98201358576,1,3,4
409,1,1955,3,0,0,103778.14943455103,1,2,2
264,1,1917,3,0,1,67669.15126362203,3,2,5
687,2,1924,1,1,1,85298.5067064634,3,1,3
592,4,1949,3,0,0,106281.86014947102,2,2,3
358,4,2001,2,1,0,59447.559122434635,3,1,4
405,2,1922,3,1,0,81943.76672651003,3,3,3
594,1,1903,2,1,1,91191.07495520181,3,3,4
266,2,1940,3,0,1,65493.65832778848,3,2,3
458,1,1965,1,0,0,94729.16949972951,2,2,1
246,4,1953,3,1,1,38171.67720112167,2,1,4
352,1,2002,1,0,0,92718.97081482262,3,1,2
565,4,1935,2,0,1,79446.45006065459,3,3,3
438,2,1988,1,1,1,53912.00293969885,2,1,3
350,2,2018,2,0,0,81394.80763770231,1,3,3
511,2,1943,1,1,0,90797.39106291134,1,2,4
687,3,2015,2,1,1,76425.07315579007,3,2,2
667,3,2015,2,1,0,103499.97530475893,1,1,1
252,3,1927,2,0,1,46316.676529867356,3,1,3
642,3,1928,3,0,0,107929.15156772229,2,3,5
618,3,2004,1,0,1,87446.85052031904,2,2,1
529,3,1945,3,1,1,72628.54812113891,3,3,1
736,3,1980,2,1,1,78193.23435728658,2,1,3
635,2,1950,2,0,1,91479.69108288643,1,2,5
475,2,2007,3,0,1,80373.77318333198,3,1,3
666,4,1969,2,0,0,109257.47707962975,1,1,2
617,2,1933,2,1,0,98421.94875300636,1,2,1
488,3,1967,2,0,0,87350.20049259411,3,1,1
568,3,2007,3,0,0,108631.74169471605,3,1,2
666,1,1940,2,1,0,103617.68932913293,1,2,4
457,2,1971,3,0,0,107067.11839264196,3,3,3
421,4,1911,2,0,0,81466.35169736216,3,3,4
231,4,1935,3,0,1,52731.46158187394,1,1,5
478,2,1952,3,1,1,65610.12684443091,3,1,5
581,1,1916,2,1,0,100139.53023492769,2,2,5
480,4,1987,2,1,0,76040.48031913389,3,2,5
664,2,1915,2,1,1,81840.88263528855,2,3,3
693,2,2017,2,0,0,116703.60625818561,3,3,1
303,1,1914,2,0,1,79680.53487185262,1,2,2
444,3,1917,1,0,1,60594.93781665639,1,2,2
579,4,1983,1,1,0,74758.41533405792,2,2,4
423,2,1944,3,0,1,75361.55636159967,2,1,2
460,3,2000,2,0,0,100930.4410807452,3,1,5
361,4,2014,1,0,0,72275.33361107702,1,2,3
251,3,2019,2,0,1,49042.552524086415,2,1,2
541,2,1914,2,1,0,95377.98651437488,1,1,1
602,3,2011,2,1,1,73034.80059275433,2,3,3
307,4,1913,1,1,1,33406.14910463138,3,3,1
739,1,1980,3,0,0,121001.67708380008,1,1,3
497,4,1940,2,1,0,87665.26999553386,3,2,4
573,3,1905,2,1,0,91160.6097057685,2,1,2
578,2,1939,1,0,0,101619.65588958505,2,2,5
306,1,1969,1,1,0,64224.152325423485,1,1,3
599,3,1988,3,0,0,108145.15679237545,1,3,3
529,2,1982,2,0,0,105266.87450510765,2,2,4
185,4,1984,1,0,0,51665.358838895176,1,1,1
298,2,2010,3,0,0,83227.9791843327,1,3,4
